src,title
1P5hlxoeKaZ5Ov224l52vUT_N0GFa9u0V,3528744
1P4faU2d_DNsuwQTFet3ZVu7JTnBPOTNs,4088814
1P4YtyAX19UeVyBDWHzaFaJuxpagFlq1i,4225132
1P4QEvAiDIccoKy50YqNrAgMlO7nbYAc3,4425411
1P3nu63yOj6kbHOGHRQaWG4z6ghMNL6P_,4425230
1P3cbOPeMbKzk_0KQl_nyt4YDuaJAQwvQ,4425154
1P3Pt6nD0ssreV-lPwLyFKq3M5mpXX3bh,3166386
1P2RSktO34cHGlfqnZ5w9NcInavewTaux,3105495
1P3E9FD2_V6kOk4sBIfi5XWd-o76ZOIF_,3105493
1P3KRJkADYLzWYiunBFAcyHSgmaJ-dENf,3837490
1P2Q1m10eDd_YUWobLqMqth2VQ98P39EX,4124259
1P1kYFHWmS3oFtBxpF01Z1OidGPafImd1,4124154
1P1XohOe2Ie3cfVT6L9hYd80rY7QLXCjB,4124119
1P1PcUp5iiMTF5C2pG-qKZALSQBRVDVSt,4436771
1P1Kq0CsVvsXq0T0JXpjwdEp6Gc9mLRkM,4436769
1P0YYBtQwk_YrVdsZT3XYxaZ4JsGG7jiR,4073175
1P-T4Za1SAtxWd0N8sgSejs3Z9h00QY3q,4038348
1P000m-w8sMEzZOk0Qeya9SyUzkv1uloW,4022641
1P0XCfuasvnjH5Ulh0Au5bwx6U0r3ES8y,3741615
1P-RlyB90ycTmboe1cNXMCsBhioU6UTOj,4425168
1OztQScPmeL4LcUL8EvJLdquDInPXduzj,4425164
1OzmRz9o6gWL4qCtUZpbJbGuREF3g85ph,4422357
1OzK-2W2tC7kNtt4IXEBJnNKjgJB9oNhy,4447621
1Oz2b16i_eeP2KYjXu-E1e41XacEpsegy,4425232
1OxZck04BCj2rAkQyxvFX7zmnnC16IX2e,4425200
1OxTyiD5zDD9RcCoJx013HBLURI9m4uj2,4425198
1Owinivt2jFHogTfGdgAb3VJgCZ_1BD72,4425193
1OwYSVWe7BNGdpbfAqYPSkJ4tGGVRNjgG,4425161
1Ow2JOdwPVlP9plfb27sfEosbZ-yh0vGf,4425157
1OvqH9zrfjcxVIg254QFMr_AQYZgrCtmB,3544517
1OvhXzOhE6FzaxNtUlBBZF4KqYEMh0GKv,3151026
1Ovp4RPZ75GTIj9Uk7GM5540mJEi70Gvj,4332996
1OvDwz8IyAj45ZQviQQGw2vTKZlUMde2Q,4322690
1OvHTJ9w5SqEav9rDUP6PfcbulHbYIXmv,4318073
1OvQltxMztbbLkTaaoFb2329ioHbVjjHs,4317826
1OukHxp64YpyNGqopd5hooGV7ItB-_sca,4350555
1OuMg0VOPwAZ74bhAJ6ZUu7QRDeJd7E9-,4341016
1Otvk3qtZr_MLGOhv9PbhfT1b0gxNBR04,4340916
1OtUtgRQFalESX0276yV4Ew7Syz70NwBh,4267283
1OtUH_b3Yr4qtX-kChEfxb9HCO0XE8XnX,4267281
1Oss5pG3ZX3pb37RoanZP5QfxEqDA-SDk,4267278
1OscEkW9Fp7XpS1E0pYOrIWUrP1lf0imC,3267856
1OsU2_oxLwRTrdP1WYr58RoJMffT_hhRz,3267830
1OsOIfGGf_oVxqJ1i_k7YcYx5Lvjfxztp,3590830
1OsJhykQO1JKV6S0dDH7kfGnFYrx7WwJO,3668028
1Os5H-kksezmPU7BJqabjp7-GW5gIGMRV,3768234
1OrwrkUVc7xDaR40ShGah0hz9uuvENijE,3531456
1Os42ZZG_AeruxpQEmFZ_XEeICtO7RHpJ,2827345
1OqDplOMq_fIQUGshlG6xTbIYxJn0TgxF,2757107
1OqaM3ZzAbbPIGfa-wyZtD5Ikl-Fb7QlC,2888922
1Op6XE-9X53mqAKVnx-cu9BonugqvfcuB,3069286
1OpUBeVWA7Vu2d23hxuyNFI0SkHGDk8aT,4220394
1OotqQot7xqgLMZg4xThf8l_Twmnjl_-e,4073174
1OoeW6cnO3PWBC6qOWtxSqKXFBi6m5Oqw,4227658
1OnlXsMGf2SFYyDWNYhesAhhv_L2k_NuT,4378732
1Omyd3tWXpt4FIk5fNjmWG2GtnhxFfKWn,4118606
1OnPR4wyGR3h15sJ-q1Et4A503SgVW4yK,4118599
1OmaEaPt4zCqcSsmVxVIX-Unnv3EhUW-6,4118598
1Om4j4Lm7xPeyii_DA6dw2_mbV1lQ0RTQ,4411478
1OlpLS2Qdpmk1tHJkULTYrMeXGwTnBmDM,4410935
1OlorlDpTUI9F8fUTI8Pb0zB6p966Exbx,3532244
1OlgZCWrmVr13ea0VnFf64Ql778MPo1Am,4417861
1OkygXB9pIsEsci-v1QzX7bpsdebUH52J,4372217
1OksQjGnjonbSRhwY7H55H2LHr8DrP23m,4425277
1OkqX_ckNkEt-mchGnr5mh__hHqmd4qMB,4424280
1OkIayR-RstbsnbxI6JhJqoP-VQkiYpLV,4426761
1Oko0uNcrRF_GVPDaQBtZcvD_Y8nPVGlE,4144455
1OkG6-54x7E5YjgiLMq0KdMkMf1e6QDBi,4134783
1Ojb8fC4hYymkCkHyR2YTexSM8jgr3-_y,4118603
1OjvWUY3mUdI9vNHgKYtpFZlIjbajWs7s,4118602
1OjW_Q0I-f-h7P1-h4KL4kc96mHk5cWjs,4118597
1OjXOhECVMKPmhteHy6PoWQbG8E3vb2nd,4429753
1OiwVC1WEJDQN0AbwP31UT7o7vNKu7gi0,4429718
1OiiamqtOn8I0NbVeeyq0stgA6RCjRlFq,4430919
1OipNOvePsX_dcikd5bllvSKbpLsicMam,4432622
1Oii3JRyIe2BY6w58HEmhbavu6QhrpXZl,4432345
1OicsstwEoZXU7dZ2SqczryLTNEewZyQd,4012656
1OhLam-Q1AG4XEnvsHVCGAadyX2yJtjsT,3364830
1OfxTvUTwX5jbOMN1xU4B00xFXp0Z44z3,3492015
1OfZac6fUFG-4p_OzjhmZcShaPvZE8vqG,4432818
1OfYB_eYtAsILXeyN9QtIuLJ_srTiDHzL,4434819
1OeoMDGCJxG102Co7gnwXxx70jPsgbBjC,3522304
1OekXMpbK90C9By7lr1HpxkQF6JI9bAiq,4440107
1OeeOW5rCg3clCUtLPMtfcO9QQY7GZHxX,4427601
1OeW3SJo6IMtkhVb5eoUW64vVAxwErZQv,4427062
1OdvJKSHbSfBQa8mjiIhJFi0HIcqxmk6G,3069181
1Oe0DE1z-AxRi0Ld9PV9-BhVq52stDFg7,3130497
1OcC0wTWJQcj1XwsmnNXh0wNaoa9mIzfP,4219426
1OcKEVd_rJiI344qycEK6qsbqJWj9wZNp,4227737
1OchOMdNDz-qX_fHWWGnJRxnjRZKMO4Ef,4227670
1Oc7r5OMb0hPMvAFv6-M6Mk2HcWnaJRaU,4311058
1Oc2p-hqdH3kgOA2uPXhEqeos7x1L7Fr2,4310118
1Oc1NlFb9Nq2pAkXCdDNBgYXfeXIgiV-2,4308700
1ObjqdZx9nL0CodbkilMzeOVyxx85T2yH,4308667
1ObeAAw4FBEhM0yVuWBC8yfOfj15IJA6m,4305945
1O_fY4GMBciXuy-hd739pmtx4agJ9tXJr,4305926
1O_uByvB1wdTf6rcHHicDAgEL6ph4KWzk,4305923
1OaMrS8xSqYp9j0clACn9QhVUCM2VCW50,4296315
1O_U4ZmbxjvRC-e05hOuyvaZdkLI8b7iH,4262233
1OXvJ6g1LjMVGaRAAw2hnpLuryL5saQfI,4247271
1OY76ziYyQ0IJIHxg6871-VovvC4r8Kr9,4332623
1OXpMAe2rl69K1UgrO_wXb6ZzicS-7SYK,4326005
1OXlptM9-hObP8anEVHXkl2Hv36VP9S9T,4325798
1OXh0LrQnJCCm9DFmiWdHp1mcx3-SoZ2A,4325670
1OXe6nxcR577FyTl2ZCnwGCFcvQmqibO4,4325533
1OXdw8OIPSmsV2eiYdaHemUuVTcyzNHRr,4320482
1OWwHogry9gIoeKgivSN-RewzhxL6KUfv,4320445
1OWt_nfd0m1UVTmXgvP98H6U3Jo_FcxR9,4319090
1OVmB1Pte2D8A4bJBysMJS3M75mlK5fwc,4319086
1OWUeMDVNdX3BhL24p6QeJPgthbTO0TfS,4318366
1OVBQ6PjYdw7y5qGq99FPjsyPGRpcEHub,4318321
1OVkVlLdBTdsO78aisAkfAnrNXXM2A3TJ,4317436
1OUErQL2AcHpnARW0HscRG3gtzv3CBv5c,4317425
1OTepNgMzCkc4Rtf3NOdzULSIjQPSIpfo,4314887
1OTt2cBZSaMLbX9l6Fc8Fxnox9zPxNs_R,4314844
1OTVNh7MhQlwxiR47IixdPgF_fhnuFYJJ,4344160
1OTTqXsdB9kKS4BWVBV2ufzxesmHzVefe,4344159
1OTILtxYR3tweZbASqWMNT6BRP8WT4Kpx,4344154
1OTGHZxbFa5te7zS-DNq_jDCJ-my2re_a,4338789
1OSqhEYpfZBYmrzIFk3RTYDJW8Q1iP4sZ,4338764
1OSCH7SUGR_WLZrBogGn87q3VaYvvAqSA,4288193
1ORzhthX4iSW5XIhmOVMhBOZmEVbKLT6S,4397675
1ORlHFdvkSbLf4gLp_PH3ONTjSqjnLgnQ,4391907
1ORq6icIuYR6gP-dHPPrGkPHS57gYj5xO,4379886
1ORcgZq9nrE9HqBD7u7gm6QWS_rhSsWqE,4379432
1ORHL0JQQJqB1OvyhuxFcJdSncyoM9czT,4371297
1OQlslhSiE8iKaHd0VzQ-9F_854sxAOw_,4371296
1OQjdUZqALeKAhGCJRXbdXL-LrvvUKcNG,4367269
1OQ6nuveN8FaAI3uAaM6b_9rGUiwhR0R1,3946362
1OPB4GpoDBewzYt_YVZempym7iYAuA7Ez,3859664
1OPgCGEjatEBSFL9NXLxZanveGZGbE-e4,3215322
1OQ3hiHKIJDZXd_IoE8CHLcO_5RIaErL6,4013982
1OOoRFTbEFu3DxLyYRzbn2-y8ObaaJ8dj,4072835
1OOGrsaZmM-uPqGYOVgBJ0ZPDaoLKAkJX,4054355
1ONbo19dtdoixQBsKqOyBP98oY2V0tfzf,4089132
1OMu1tTCCcMntyT8WypZ3noCeHe57W-_T,4019720
1OMWw89Mv1sJIN4nwcHdp3KL51V2d1ETE,4119856
1OMI0WSGTYDuz4W2ja9-iL5kHPw3uN9OH,4196157
1OLnyxmpWTQqdC18e-DJCFjfWAy1XX0R8,4196154
1OKfHAo7_EJnr8MoDmTYZEnLUz_C4EKp3,3741670
1OKOiM-WoohcC_ser5F3kjUcPgOElFjZ_,3731723
1OK19yGnV6nDFBjljePLANJl8rgRh7yT_,3548629
1OJx8IizhJTgQZdsWHod-vJiSh_WQh-Ne,3435402
1OJWcdVdiZ0SXNRbmqSMlJnV31RwS4mZt,3416181
1OJGPhcw4x9uetJR7hN33zUAiL16WP9ZS,3491536
1OIShMFLtTflevyXVtdZmbWlxkYuGKKR8,3471635
1OIOEjAk4nHiFblVJU26opxrHbbyATF8o,3471426
1OHywCrmslkrkIPySi28lD13NYfRQHuH3,3397598
1OHa3nILDLvDoxlk4_q5aHuoYjxEtz-Gh,2179301
1OGCkR5RUaGw_pO2GKA95U9AOnt2J38fS,2273404
1OH61Zmec17SKzmF7QYztZweVB7GNcsPV,2946509
1OFvI22RfrgHl4bwqGO0f7twsPa6BIIY2,2933711
1OFrZyqlq_ba1xgfMZXvJhN2wufBeCVSo,2843384
1OFgSKRCgzkHglwui0i1Pue8c0ps678zK,2826655
1OFcMfJIYRCPhOtY8QBw2sZ4YGOIObERM,2826653
1OFOzhJIZvmCo4hHfZkdDur5zzu-8f4-V,2881441
1OFNcKlRuRJCRLTJ0JxaqkN--fDU-9nUD,2881428
1OF22yF1xiOVh3FktRvX9PsGE8EYd4REe,2763060
1OEVoKC7EpZ2Dl4IJHr6nkqvVzBOhcA-s,4449834
1ODhXYKOeWaPFoUlyypijZBBSN_gdbksL,4425584
1ODMbMeexDdO-nyF69TZIhNRTJ7M7uSIw,4412769
1ODAGK9onar3OPaPHJcuujNVPWPrX9gi-,4412766
1OD6GOMjTNc5wmuNZRdX437AR9fLBSt0w,4411929
1OCqRHwNkjaaSq3iBkUGUS0BBaKCM1vG7,4402050
1OCoSoHj2vUXCLnyVqIkIYp5rcJMCvBac,4402048
1OCNqtmxab0XowzlzN_TXhBj0EWEsQTZg,3933256
1OBuyvsRZcHRIyEss-LCgkyboqGbR0cI8,4401639
1OBuaClwakAD3Z2pFabYAlhxqawcgIhA3,4382239
1OBYxjrEQlqXEjDT9eoqPZ1OJt79NL2-h,3174655
1OB-GcFt8IrC5ZVyiOfxI5b16Abdf00eO,3130329
1OAd-yPrd9wr1YHEve33Q3lRwmRJ1glOF,2312496
1OA5yZBLA6_RxjVjZncCbY7n2QSUcpWSh,4198719
1OABh3WGMRKxrc28-YnPz28Y0_Z8ZdxaB,4312387
1O9rgMJfKg1hQgNNOB6wCIpxdQIvEvKG3,4311886
1O9gzlZUBxF0mgZe3GwZBwun8TiVE6MyG,4305936
1O9bJQ7U3hwQqEEX4m2ZoMnDtxVBYPqFO,4305897
1O9JOgUZbRHg2uzp32fD4wBSV6d6SCdlR,4295859
1O9Cvq98K80O17fCIK9-dCz-E2fLywo2X,4295857
1O97UjBdYKwGAsnRCNm8zuHopEco6m9kA,4257951
1O8vVrNGwj7iKX1AL1ijl9Gw7CEn0TjxE,4251630
1O8mVQtDMIGhgZzfbv0K3F0jOZVtlnP8Y,4335354
1O8_ZFEqNshAsGDYRLpNvdECiW5SaEg5Q,4332732
1O8jGjfZ-MT15yRiKe-4yW5Rr8zag4G2M,4326007
1O8AxNLSjSTt44TPMThKncr1xpZKAVYoj,4325671
1O8SBRH12mX7CX0L0bD1kjxz-NOK9_tB4,4321605
1O7sBrnN86FmsekwAfYP-Qb4RSgDOt0pa,4321604
1O7MdADsfKySfcsocqUJbtwMpb3hXKC5D,4321602
1O7L6vG65170tY4Mzw6O4cG6HwW0iB_aA,4320813
1O7B1JpGEh7HPC7Lq6V6mqjo7drSm_tXE,4318373
1O6JWpfjSFHc01hI7CSHrpEkbekTnRjAZ,4318329
1O6Ft-Bm8LnNina01X1WvXkxS9Bu2XmP7,4318273
1O6ALi8gEj7rupzHK44Fa4feVL0WCSJD_,4317753
1O5QjtxiPvbt-fVsF6M3RsF5yZF9OHRc6,4317467
1O56m4jW-ijKUbYra7dYWdVFWQR_gm_9r,4317460
1O53ePd3WiqBQq5Sff37RWkJ9u6fSu2Ct,4314630
1O4pcSFTUsynYzef8MfrbE3fPiOsS-mN2,4352708
1O4fqOZAW0b1mF7TEn5XJhMrD7ILXdqn8,4352704
1O4LL5egyz8hzIUVpz8uAG4S-u1s43Tyh,4350517
1O4Cjd3eKq-GaWmZ0qARDVMW3nLyXK3Cx,4287810
1O2nTLT6m3oYKZilcfSB2gjXD3_OXmWBl,4287739
1O38ffmWp4QQoJ06ygGjzjrfFjz54JnWX,4279513
1O1vcVOh7QmjRYJKE819hAAcRsyV3g_es,4277550
1O2Zf_Uh0tZynD6HABJJH_QZv8qD_iJ27,4271433
1O1khupO3YOV5QnhAA-0-SPPhiX1iahxr,4397072
1O19f6k19zq9FiJ4ZL47LAb7w_OqPGc_i,4365385
1O19RzU6Vc92h97nolhvjFfO4-j9Du_sL,3864260
1O14CxEsl8pWZSOEv7yy2dQ8Ti85W5TKr,3968048
1O10UJBftlAhOHW5gxThKHm8yqEw4yBT3,3961218
1O102fHQTm8Mwklsb1fttJ1vBz_loZITF,3960570
1O0PBzvaKrbcP6C2wiFEo3IIb865mDGpN,4013958
1O0OlsvjdPUdmGttyNCsVeb-k0EZV2adl,4012653
1O0-993Q2A8HCKiJU3OOo_xN_6hnf65NA,4173646
1O-r-9OCFqlbM1fGJkzehJRoR_gzEpKIn,4072853
1O-efEzsFHVPUapCCJy-0CnaM1J6rmBV8,4054350
1O-7lrCDapp_gkV9c-67wm5QU8JTPKrNu,4139040
1Nzzxm14ny56LWLpUsgE7x08c6v81C2oO,4130396
1NzuSLmoQ6Oj6i20LsR295nEdYrqypoyL,4130390
1Nzzpyq7lthj1dgUmbEyefCjDYuSq63ZG,4029075
1NzfZR9BrmR9_43Eff-jMNKTilio-FPI_,4029057
1Nzr7D1JpC-4bIW0agg6qoXR_hPoYQJdu,4191568
1NzHRvEN-25vjOoeNSu4ZMxPTZuh2Takn,3329327
1NxZnihGYaRoGx1b9ZBSY9v06621IM32h,4263492
1NwkkQ0gU_6CPp4efGWabKUmbCHw0yBQ0,4263899
1Nw26-NMxjJGX_ZUBJaONIdjEYEFGcZ0v,3364896
1NwNpWbH04C-NUwxZ68nky8tgdWah29Vn,4368345
1Nv_Z_jkAD-P3xfiAd7OfYQkLVOwYU-E9,4305116
1NvSJOltflGAB6Qi1STP5xGCxlLpaTTzf,4376314
1NvVmnptqwBZYhytYMJI7wMn77Mb1Q3Pp,4376309
1NvKfSr4bwHSyo-dsCjWiciWfryyuceSH,4376285
1NvQ4-FQyECi3NbB1nvmf3LI16zCTxNGY,4376284
1Nv2Hb1mk3yHIszHdcfICmLFH5ZesKBLX,683658
1NuNDY3Bq_W2EIsjQskStfGPj_i3et9dN,832849
1NuMmi-sRFW0hFaBEI4xs7x7NyeG1-x6p,4414521
1Nu-RUnGps01xRwqGAP3YUfbjYFCWBnDM,3110700
1NtfiiuMqBqv97pmJyrxp3uI1CtIxHM7W,4067601
1Nsz8NDxJqOQf03uGyIQ0TurXDd5jL3WM,4432022
1NsizBsy43HCPqzNcwcZ6wsAsm7tAzjzW,1387420
1NrWRiMnDzcGt8tuRa4m58FCBA6YrtHNY,643875
1NrQ1olMm6_Wl7NuI_oNrXfj8qyU0fSkK,660533
1NrCKEp5PP_OX_AupfGUCLZtlZphRmfLJ,3273097
1NqxSABM1UzdRTIT9lmKErgXGdAfCfF_V,3809612
1Nq015VPxbj_MrKtRFbMbXTMM5Cpxe6il,4071579
1Nq_3dAe6iu95BK_PwwIx2rY3j73OPiIQ,4067602
1Npi3x9U3IEjvtekzIPHr_ITX4rhN0yv9,4067598
1Nq-r9vgvCFmw-s4IDRQYecENXQ18SGuQ,4067551
1Npe1GN4_fNBhVRMKxjEFdYGN-yC2wRQc,4107428
1NpQ-GwW3VxcqXFeabu_IeMs3Z5dXkXQR,4103636
1Np21qPda-fdKEkMCsa0oX0fZr1aXDEax,4036937
1NpHuDLcoV1r-Vjqpjcqy91yyaYZost8Z,4034927
1NoSh-C7psDUCUXaiWkR0hs29iNTy1nRu,3704392
1NnXvP__ZY2liYjgiPIJ7xJ-o6B_B19jL,3541001
1NnvEtG2OWZybSt4lOZlLQL5twPFI67oN,876976
1Nn-Oa6ma56C-c-On4zlpWNit_ZpF3lRV,1541429
1NnKdBGSu3c_m95H_uJnpzDIHHLNuvZ9k,2934009
1NmjkWs_3I48D9MCkYybZHiH-NTsO9Ga2,4442890
1NmGrfXUI_oqz9pAWXchOWlJhmjf-NNsL,4272159
1NlNia6bQaN8WoMRW8kEMk5TrVFcd1lnU,1647853
1Nlbyi4RNTwhx6NmJpjIGw4XZu8ILdFei,3004883
1NlEUAYa8dc_hZUSI2D3llzwddwbVArIn,3004881
1Nl68UJ3MiUK_an8WGrFsJw5YqZv1hCKk,3178800
1NkhpX1khAEo82UCOcbwzz0EwbzX5GKKd,3136956
1NkQdZKb3DyeTw_AAkLcHOXmgXqNNnK6X,3134527
1Njl7wpQ2j8VTTYBV1npYqbpunJ0uS4w_,3129543
1Nj_p6J4dr9YJGT7rHCr-7htEP-M0aB4d,3123637
1NjAcnbGeT1-acyW4Ef4xDxrLzbhR6a_Y,3163914
1NipuZkxBKzdqIhlgC55S4qPkGMpZW9xZ,3162352
1NisChOWYzYCey8OrZeorYt3NVxrBHhgl,1480217
1NioUSdinuGi0uxbVX2U8_JQaWxZp8eoH,1426167
1NilDiTDWPRKrqp6aL03TYyXZiFEsjINg,1392888
1NiSeCRewknZ0cTk8XgokWIA8eIl8O1io,1390491
1Nht3I7te3unTKALSC0c-HZEpDoYDpP_c,1390303
1Nht9-WqTpV6Dbt8WQHnfq-YWH8SxsGvU,660216
1NhkPSu-MAElGV9c5Sr3dbzjUbqy9ymaJ,744854
1NhXDV5Uf467azdULcQXQa95sG9oTvF7k,742956
1Nh3p9va8ip1LqlNDMTNkbB0EyqsV-_66,810315
1NhCOLbZ1QRXu39kjpenrtuZ-KLhsop6M,2493747
1NhEfhCbBgs5ZDNZyNyXvgcSPFpY0_wFv,4220405
1NfwucMy9T8Wchj8sRKyj3pJf-4YNfJN8,4311189
1NgZodBAGtKowSrLtR9K7CxVq2Wsuk2dq,4300214
1Nfv1mI0WoRFqntRJWvRh-bbtcdXDt8HM,4300059
1NfW1j78QQ3g6ZqIBaBART8c51l9nBo5R,4295009
1NfrjejiK1RNpldFeMSJGje7B54keoelI,4289249
1NeJCRjpPoekWgYZPD2Yu55XMcohdLPD3,4263896
1Ne2-6Nc7AvVUl5ggalx_8yyfRn_sg5_Q,4263400
1Ndr3V_vAj1S1fvKXHJt6Xbx-otAGYswt,4263397
1NdKba5HBOJEYwipVdKoglgQOFxmPve2N,4255588
1Nd89M4qnddzjwE0e1VnvFpIcGrGTZsy0,4255541
1NbxCpEptHVp_ilzqDOI-4lbkqbm9yjFf,4333150
1NcXrtj2S_t46w1ToqsSVub4NL8wax6FA,4332155
1Ncbl66s8YVLVurcAEh6GazES4jQHe9xU,4328710
1NbiHbTXBNakpgbuyfbE55HXHqsztVo2G,4328657
1NbGBYIWVmx3RTZPLdg8s_916xMTvKrNo,4328649
1Nb3Qhq0fRiTZZpaYTBl7NNzVFjQv4gsL,4328321
1Nai9JS3VgzCpB38vSQS58mMfrA8NA0mt,4325475
1NaidoW5W2BueMJchlbMsKr_yLMDLBw6f,4325473
1Nan2cFnCBRLwFYPhiyPhAxLq2Xlu8Rzm,4320942
1NaWQrERJsTjUWlJx9W6VEg3BLZ9uSGWS,4320917
1N_kOxgvbdCJ5kBufMvpdif9uJ3vvUFdm,4320915
1N_dIG-0MY5gRZvFpBZOfyuwdfwlo_g7l,4319575
1N_RpnWaHO80vrZi08VY3sShXuStXcOKl,4318883
1NZu5sofsjVb_tMBb9ZwaDwrmXgFh6rNS,4318859
1N_Bl37AGu-FMTTQxtPgqhCFANPQIhJjx,4315506
1N_Hd81Rqx1hKtUcPMPgEHk3_o65KYSDn,4352543
1NZNkG6grX5laEtKQ22x8SSPf7zsDmNYu,4352542
1NYt5iqYOfQcgswReTIX0GAdXegbNEHS2,4348207
1NYVK_LyR730V7AzdC0X4T7oXFkhKPy2W,4347785
1NXpytC_cnUfuzBoN1kNAMBX7NtxRm4Qj,4340478
1NXgdeuxIPWrIOMRaShTyX5XM75X7B6o7,4340150
1NXYHf8uPid3kNeDknkx4bJZ4ruMyq9QW,4339622
1NXU6BJC3-3an1Z-Rb6-GA1qu9jup2GRy,4339621
1NWgHliy9njxYaJQljFv4Dl5AzXkSeLJx,4336398
1NX6okIQ3tNUpN1rOhxKV48bK-7Lhwlh6,4336395
1NW2Am7k9wfkA9NeLFZ6k0dPpP0-9bZmY,4288051
1NVy8KpwPzolK2vC6JttBfWO8SKQJ_6Re,4283317
1NVMcvksJYePPQUDcx9FNLnrp0RDEtUHI,4281306
1NVLWCQ6eyPRNx36l1ZzE3PK4iax1-arM,4275906
1NVBbSNKJE2pYGpx0aHCv6jhzHibMQ-tG,4275905
1NV9eCAszrVHK_wHuW-qlMrJfjdtks9zX,4270609
1NUW4iHWzzbIItU6bc0klYTCqmqb7odHH,4270291
1NUoOyZbMUn74yXM_ar5uglIvhHZG59T_,4390933
1NUFFr2l_AFqqKq9wgr1QgH8F7xaFz4F3,4387752
1NUF8jyZoRbY2ZctYCN3wuEM2ovIKHWSX,4387276
1NU4MpKq8INxLcQ-dgQ6lFxWHya9c-cRH,4380248
1NTSXf3f31OkUu69bId0cYfrbN4H031Ar,4371309
1NThFERBTP0oA4thg8XpU5GowSd--7zuK,3215399
1NSqWMvQs8ldFwkfqYcdI6dAWjoujaUP2,4012562
1NSMTUCAXJCaC8CFe3rTcPgzdgYnbsX7x,4012561
1NReeiLcCAWqWXTsZXEW811wXtIcQoQ0h,4160601
1NS1NkayZGQdSagESDDR7F2kh7KqIMmem,4160428
1NRbmOojYjfYqlwZR3XD0xmds8k2Z7uAE,4160425
1NR4PvQVF0s4VDiOFdG-JtS4jl31QYQT2,4154336
1NQtAy6ofgR1CqUPPJIsCpn0w1_ZuBLna,4071559
1NQqToN4ZXHTzjYUv90cnI_-IEZziB2Qn,4071557
1NQhum2c5T1rvaxz63YqIAZyff2jOpEno,4034841
1NQf2skkAqqtcIuBaaO_pEr7dvasOQcWO,3777136
1NQ9OSbN2EUty21GbXpEGx1sdFNvSG3cU,3533278
1NPslRq4eY_J96qA7oLuFr7U0CJqAV9b5,3548047
1NPU5iNy_1B4PW_dMyyFuDNsZy8N5810s,3420100
1NPi-cbNmZ3bkUeFhdfKStOH7FdG7_e_Q,3491421
1NPHB4bj57vCEIF_nIJUzih-ycCUbSztr,3491244
1NPBu8OMXYggrtYgMuf5qltrsmvKYXJuw,992928
1NP6CxsU6wGHAySzsPO8fWeZIS65EP4r8,991444
1NP4E-xS25I_ynmldtMqczh8TmoKLYapN,991384
1NP2E3xI303794e_bhxQcAoIeua69bY6T,1020584
1NOrg6fFYnXKu9F8AJ3H9KgWtrXK6Y2ij,1019802
1NOfYqrDAA1xD5BWYxWS36_ouhpeDbXPD,883984
1NNulfRXOmvXdhEMFe9U3wF3Rf6-DHmhc,838395
1NNA_uQ-WSib2dtkSjRPPxjM8AukQ3nVH,1688255
1NNCED5NWYFaG0hDUt3U4OpgZ8ypHMyJC,1367640
1NNYz4fmjbq-sr8H1jFtA0m7svlDkv6pc,1648069
1NMtN-CC9DyOepTe96NsIwPLpk3QveAxU,1647268
1NMZ1B3Uie67ekZSc7X6VzNIM7Q3Kd37y,1735940
1NMGegtfhpkC6VfDyLRF4gLRWIfqR4uES,1960323
1NLcOKcIEVHPLCIRK18PeRyG0L2iZZghn,1801369
1NLUADc_UbmcEtGPOh_Hi54z3bbnqGu5Q,2026283
1NKqbKvHd_RkMZw9KJUvBvWGq5c2hWZgC,1541599
1NK6gh1l9cYiWgi7TzsXu7gyJJ-YGFhwK,1285282
1NKhvX3VgOxLBiaZuJbrbMPu0PmJ2WYBE,2881228
1NJsYHQ1s14dHUjohTkmxuvnDwZ5P_7bz,2796534
1NJqqOFdu3clHZmAXaeQqvECEGEmUjGcn,2796532
1NJ_gYFRZnDBxh7_u2lswlcmdSlmeId88,2796338
1NJfxFA-FhVr0HMRC6XzR4C9vGb5n5NQR,2796335
1NJJoLMPkeDRDqLBsViie1Y1eZ4JRMAsE,4412821
1NINFFBb0QH3XYnazbTabwZWfUSPySBZZ,4412820
1NHqa5_A6hgV7sOgZKoNh1711hqdK4ahc,3168404
1NHZz5uPAwenjRXpl6_4DgD4cn6rcZp80,4300063
1NHREaqLJtZHIH6e25KZf2FYwwBLfJlNx,4300020
1NHIlflZVvwyML1SEOhcR112rUeLOUmj9,4318976
1NGYLoQq2IGifKzUqHfC3hoHF6T-MrXqN,4271950
1NGlkytNOD8Z6saUMr8SLHIJffGf9omWQ,3970793
1NFOkQb0HEZNJzfmuX9CLNtGDf0Ni-O0g,4012657
1NFL3_urhenpnu0kYs0NoQ2xa6E987PXf,4073113
1NF2HZrQidcDQwXCIPO6iiq_6Xv2Yd1Mp,4113147
1NEhqaMeM8JxL_mXTd9uMIQPRecYfA0_S,4111199
1NEw919an4_1BS5yqbMPadL-Or5MipqK9,3743223
1NESmJShMVnvCERvSnnUdh1PGn2QQdZkP,1572506
1NDTSBUh01nsCo6MDjRq-EOggcgqworgt,3268508
1NDHF3A58HhRgTOQnn6O_PMt1QxDBdNJg,4287854
1ND4vHz7nd9PvOHgGrdMp2fWYAVKF4yVi,4181691
1NC4oBqen_ox2uN6EDJk2s14p4HDvtNZa,3694455
1NBhesCT4Br6XZAY9aL5Nf28ZAexLAw_q,4328712
1NBf2dmLD8MnZEs6dlp9pLbqP_3W1MU_W,3446048
1NBdy8Zw3rDVsAegsQ33e6PPN0DxAcVgy,3946364
1NBMVSshlcslijx8Y8TK8NjormLpK6Ylc,3174635
1NB1trXyLdDB2Q58Fdj1Ng8aq6igOF3oE,3866566
1NATxxD0ZiclTX1AEnoGjHOt4HN2eWIMq,4100768
1N9OBrWY8aviLaFswq6A8E7LO3Zww4v2k,4383119
1N9Vy1xUvlDHMn17yBSurGHLyvT8eAGh0,4181690
1NAMKd0nfvgxXTNrADSPY5qUOzEH2_xvU,3809269
1N920ayJXNatjj1ayaTkeTAqbQbqxYM7k,4113428
1N8sqY7cDqMYYjXCNHYNZ-vCt_T0eD9Ks,3176226
1N83AUll9q1fbe8ZoywOsJJq1zOcD972Z,3258751
1N7tBRYs1TAs7sLTicgz-nLCfOHU13gAf,3460299
1N7lBYuVW0zvmwQ6w4DLoyvdhTD0_jDD5,3787035
1N7ULGIjtIiuAMohwSd1Fcwpwr48beocS,4126788
1N75D7p2M3ho7t1U5AbIG-li_wsiHaHat,4405560
1N6frd3H133cbfrr-IBE1wgGfNJU5nXtb,4406827
1N5drLpt_esNqCWBYViOWV9LH0pL-XIy9,4199135
1N5WK3WTsd_DvBMvw9rpnVsLXrO5Oi3DN,4414247
1N5U5x04FcVKdyxBFP-2lmgSA4uh80487,4413151
1N5US6mn5TJj4irRWQMqcs4Nsa7fQkgM3,4413150
1N4AYN1Zv1Rt62rDYzG9IXUUB2Qoj3AR0,4090177
1N3Z6tP_egGGLsQgksQwVg2Pkm5quv4yO,3727840
1N2yaFQthhmV8s2FReKGG5aFHKq7WnmRP,4415974
1N2BTL_v_c0RlBzJkB-5i_Vyl-1Akwaum,4415973
1N2ACL_CosKXFbuX5GpX7HdvRFjog8sE3,4415531
1N1mP5X_elJKQhNh8u2h7nDOGIY9AR7nb,4415527
1N0Kr1qOW4YjTLfgbmQJydGrgS96cpZWZ,4201508
1N1YhgaGeIR-JOqT6OdoZFu6kXsvMwGvL,4333788
1N1avzzfrpifgtZwokF1rG9nDk9PZ6cTS,4160628
1N03JTS6gmIm4TZ1w9W_FCy0f2_d-mY1A,4113317
1N-zf8_edfOCH-_8eGa3LWIqsbCLgKUuN,4178119
1N-D_7dcV2pJafzJ1XeYZju6ywG3XQDrH,3555643
1N-7cGKK8loJdvHVpZdka83bLwk1ZIQx8,3529153
1N-ALMlKluuXdFBWvjV6lj2MaEJwcWC-Y,4415403
1MzuuQwupMBD-0roduJGTCi9AJxWqrgCj,3926015
1N--O9jOUma_ZosrW66wKnsHhWdv01BgZ,3619582
1MzVx9-hyjPAxMPKbnlQ7xh4nep7MsJQC,3339287
1Mz3jSkmjeVJVVgQRpu2MgjqE5DeCTXP9,3304936
1MyVyB6n0co6zSj-1_UNlZ4xCuAr2050l,3304904
1Mypf9IKNTKHon-j7TYpVZDddJntxBJeR,4419049
1MytSsaX5QUh3T79DUMJ13Qiq8up7J47w,3931139
1My0COJVPb4zsBxklbQ71ZIRjf77_Ak7v,4030031
1MxkgMMrVygSXxcEgVLJ1VuDuYY2eVnco,4426716
1MxZuXVBX9HKpWWfdcK2QG6EDhLx71Vsn,3080874
1MwnfV38MF5ZR__DmKJ8gsZgT1W-UaK1A,4156726
1MwPFMHU7T6h9-pV4nCMAn3bW_w1eou6m,4156719
1MwkQ5XEHtQvoOSBtas2XvzL-9PyKLcHl,4155391
1MwMtgENZT6mkcKo5CFgB_dlAbvsyxfqB,4155125
1MwJlAGXKxjUZEcPVfhjzxGnpLk4R7gU0,4067569
1MwJMoZXw6z4734XxkPGHS_McidVVdwii,4046396
1MwGeOpHqbdeJGNafbhCWhN1f-1qGX4py,4100758
1MwInMY3rr70VGzzIBTzxO-Kxqbmaz_9j,4148889
1MvwijzHBLIoz7Jqi5my1ToXksO1WzQjl,4135392
1Mve6ZcFTgeIO55jkkPDgYZJ_NU6i-XU7,4132544
1MvNTglFNp3YCUDArn-LkbB6YchCKY8hb,4121517
1Mv1gdVS-pKXek18lZP4-6KkxUZM7gjod,4118709
1MtIRjpMSqqQkayn7YNJr0m7oqfbkwIA7,4056622
1Muxs4klF28rkXzZqelM87qEjWh3ZDOsR,4138634
1MtIDhsXyoanIcc9uHg-Upyf35-DrxRyt,4432632
1Mt36JM-AA7-evXcUURVI7_8GXc28d5oJ,4432629
1MsxejHLwp_yX4o4frVGB3m4_jOA7U3DN,4433898
1MsnW6kDsaXkLeZt0B17PZtcDlAieneEC,4433062
1MsJwna3bbCTUURZEDbK9RIzXSFVHvKON,4432698
1MsCPf5qrzv5sxChVSig2ZBga0XQB-W_Y,3176279
1Ms8hxHqIcy_nVE-5FE-HUDbBTIYT4OWf,3152113
1Ms41x5ZDK0Hoz-sLdrRNMI1QwwCmlYgv,3268492
1MrCa0-Zgn7mJJeTOv0mUKRjGTsZSFe3N,3925781
1MrARbVBchSUFj5PMlywyh6RB5fMpxRNt,3866786
1MpzG3IHGMcVJ0Vugq0KUF2NI1vY9Z_G-,3865049
1MqxelBCz5DGwVU6oe-Bzx_oLWDWN8KKB,3970726
1MpKTVyIhBZcfEVBPImtsbrTMkYePEP0x,3970725
1MozB0G2_7-r9mW060zOC9iq08euLQqKx,3952453
1Mo3VuR393jHxgfN_79w-NdTdoeuN3xhv,3894242
1MnrQAatWPB4eDCAySSNsJtl1fo1U5yBu,3847666
1MnuBQsxlDKpVw9jdcWwH7sr-Lh6djUkh,3791697
1MnoVOxWX1oeWAerN99hk8m38JalXPLrI,4007348
1MnPReK4LNWRrchVMB2IGp8AOi1JIZYU_,4106498
1MnN4rpJdrkhwPfwOCxHAuCRGeLIeOzVZ,4096769
1MnL5_nU6O0-kTT_lIYtL2itR8-DUuj9p,3681375
1MmRcoydP8WCC4eYjtcjvArOsluxe7lhS,3325781
1Mm_5Q-W6Q_8LlTjIHjBN8qpmWVuQMVMc,3596534
1MlqKRkPn8-5fJUISev8sEP8n2jPDc_2Q,3773905
1MmObl3Ms3v0UOTN_htlGDeMvCTRa8Ccs,3773869
1MlYHvX3xp3gSYzL0Q--ht8HWJ8tI0KQt,3755710
1Mks2JcufJMB199u4CbTGTkmryqiGKyyA,3751640
1Mk6W-SLSGi2PS1YPkCRa8nYEGqyqACll,3751636
1Mj1PHOkqxRc00b--vFEPuAORC-hZBovf,3704716
1MiWz3GgoDT5gITdAGLrvvuBlv3aarpYD,3304931
1MiGmgnkfrerWfrVG5kEO20LWEhkG2Q1U,3304903
1MhgJjvxkL4_WtVzblh-11MOGogJC50Ak,3301145
1MhevQXvUW_RlHRM14nTIRGBrqJ13dBuX,3445585
1MhVlUQjx936Y61SykXGJnV58AC14HbwT,3437512
1Mh8hwF5yhOvJceA0h766K5CP4reo6UJr,3421656
1Mh5y0GgdbFVtbcgWmJBE25CniNyHpbSl,3412737
1MgzeIBXX4FZsrlqDeQP7AgMghhiY3np3,3466847
1MgEZAT-N2APKF9ZKZkNy-3YEOYZLoRgM,3465555
1Mg6tzmKdUQDHgGjerZQ3HYZpUnp5kW5R,3455311
1MfhY7AFtwqYptLw3VIbEU1LEjssQoDCB,3453204
1MfBqenU1yeIdud0IyH0shCurUuo601Bl,3453202
1MfPkfBayZaP10oevY4Jmpg3WcOgDVwRJ,3453165
1Mf5BdN4VQ1gYVySS4dluXUd0jGXjZBIF,3453164
1Mez2QKd1PXy13vjgKvOFiHSvwBNHlxRp,3453140
1MeyaeyMYq-h5mLUvPoUIiGLIxrQ5BgqX,3453135
1MeX_B6CzEyHXm0mae8E1VIKNI7QHCiWO,3453129
1MeKqcUT3cpkyEwskpLO8H3b-5vaE0ldw,3453027
1MeQyR6_b_2rlKbLd5KIo_iM5wgPRXya-,3452993
1MeHTUW4NsmiJmbLORBvtsl6VPASExu_1,3450976
1MeEN1P2CSB7rATrEat0tZtzgmcT1VhwV,3450974
1Me-ISqe9s_WyXHbhgIyLyCSigaL3InoY,4417747
1MeDTL_DD34cFzdRewR3wcGq4ly7nsZnw,4078065
1MdduQHbTmqw9oMJ9j3ce08qBmqCjYLtU,3598422
1MdVjKSXtxkFgj7OrzKymTjWOjMdstrCH,3590975
1MdKRA6EWbaZmjmUIIpqBeXCCGwQkCh-J,4444325
1MdFXTsHyLQbLRhUxGrvmB6LDyDzhuMOt,3170460
1McijwyjdRfj1RImxOXBv96b_a3dgewmw,3993845
1McVNrC3BJpXA5cqwHCJKKhNQrt4AqH8D,3985374
1MbABqEvnUysZsO82TgyrsBfKsA7_vGZO,3937639
1MbdeRXfcTgJbWyh1XURkuw1sa4nnrX7k,3926105
1Mc63-AEFUduieFMtsbwXiOkr_kGwXSE5,3878464
1Map08degrFYoj7i6jHEnJ86VRNboghsO,3866445
1ManjGV5jBHLiOSsaXwbWyhBXqNdYhYeP,4077491
1M_rR_TMHsJMcQJN_inoe9AcVunZAmsZm,4102427
1MaEXKyzwpF9qitayvVyge3gy_6DbQA8_,4096158
1MaLLJKlwM5oaXbfXpooYoYxM6F3G_5zg,4096157
1M_fqb91-6ZziTJyiSEq1qRb9FsDB0yFV,4019653
1MZqkrx-zGgNX9JmjbZwFVc6hOJoBeN01,4113230
1M_bdvehop-qJiKxBl9V9ixL2fq7C0kBV,3604920
1M_dnUTgbxjkeX8tuKSEEXM4x0y9_8hQL,4445753
1MZeH3UfmoDAP2Ne1Q1SqRWSgVFvSvedC,4360332
1MZEY5XBQgbhVrANrdYiiC_4pEe0Rb7il,3798791
1MZUynp9JepDp5QuhPM4sJnOD1tX8b-Aa,4097409
1MZXFTjEjG5pfg7IC2ysfDk8GNt1e6i6V,3469004
1MZ4K-NB2hcBounb5QhU6EKSJ8uh9s-U7,4448575
1MYu9lyLNd8F_aUWmtVwGWNJLCBWe8qW4,4180179
1MY2Wpq2uZnlkR7PlRevqRJc19SJrdyXz,3606817
1MXEivEPLUVKQytLkYSWQ-jYEQQJriX1c,3437193
1MWUIlNqO_RXoodUClJ_XFPlS4CG18DtO,4449804
1MWD3BoZ4vYPKBarIekHXc1QhZhWsQkZm,4448838
1MWMVTB1Vnlk_OgH1mbxJqctKZwNF8yK8,2977770
1MVrcYKKs8UWWNHUBV8xxpkd_x4yoncoz,3142245
1MUwsg6Hxo0nSXstw4D6Bv-UzUfTjkLQJ,3170615
1MUkhs_Hmz2H2u2b5pTWnnX9rFzbcSFDc,3170614
1MUhsCDqaZ9vSfqwFpjc6TwTBbM0ziusL,3241498
1MTx181njMyh89LRBs8iGYTHyMvIKQnPE,4203213
1MTvFM_3Y5Vslx5nSmJgAihFr0-zKAyff,4198607
1MSolLyqIWyc1GsmmataA_Lz8p_rJp_QM,4233748
1MRvyOviLuYeavvc6iR7Up2bk_DpT0iNs,4231093
1MRuxPawzG9jsZSutlawle7Agqpk6rWmV,4222406
1MQo5aEI9mxGUPO73vKWudKPE3y7s8Mdq,4311007
1MPyhzWVPeWil1hR8ejvAmLUd4R7rdm4V,4308906
1MQO17Hg4lxR9K40_39GdE7W3x18bqXUz,4305239
1MP7d1zHMr0-Vqd71wQ7ZKHhTRxDvnO9c,4293582
1MPb5UZQlsfevXgCD9R_FzNRxQximqoMg,4289957
1MP7av1ucrm0lTG2XeJyJ69PYYsMdmEay,4259442
1MOPFVJbZlKdOg0Zuk84IZNr0G15GoSAO,4255587
1MNdPD6To09IxdGJ3YNQpSNYBQCx7X7fs,4246377
1MNxqBiXVTY_krLXlNZpwlkW9fOczjI7g,4244203
1MO4h2SNyRqaS9lQF2KMJdtRU7E_lwwBB,4333038
1MMfKxHD4RhJ2Al_HeG2A0nVaJ0P2uSj8,4333037
1MMdktcnobX4k4NJ3c18zO45EFwemUvvZ,4332638
1MLUuIa6t03Sq997btdkWsKEct3yAYZr9,4332621
1MLRfwRfx63gDwnBG6IXMrkPQRQL7ooeV,4331539
1MKa-QXr_Ydqn8MaWs92FaDugKPQZk--O,4330404
1MKYmenTP_AeWjEn24MkmxFUC8ROWLI-u,4328849
1MK-9T2RCRQRn6EjyPfRwVx6TsB0tTho1,4324785
1MKP57PStkY0v1ARVDUT4eGFwnkEVAt_e,4324783
1MJcujAUPogBDTzcZQBOvbDy9bJJ28woV,4321646
1MJTuNWqMiNmKNEHUCD1PKo7R_73pf3Ci,4353118
1MJBRjLLOgDqQbyCf0_vFpl0ZfXPdHey-,4350433
1MIdGnPfJso4Qm5MLQBQjTUoL59saqtHX,4350432
1MHwOnhddikZok9r6-FAtXQvcraKErgIs,4344564
1MHvyXD50I10LzoGqCgDP18VUtST27CJ-,4341127
1MHl9NnzHMnIc47ZY-T6gCoKHjADMBKNU,4339848
1MHRD6MS_zHEl1H6dLWNkbcbbF11Ls1VZ,4338167
1MHXU5ZNoyrmtVQR4zySuS6lY3x7fEQ19,4286162
1MHP86qJ0jgHwkPj6CFer4F8-TM_bs619,4286161
1MHAb9fFPO-fQiLmqMlwRQXfdCl4S4XS8,4280708
1MGgrXKWjsdOMKk4rC8I3l7twvznm9rwk,4280509
1MG4wIix8O9YXOSg3gnn-fiUkZc4KoT_y,4278000
1MG9dbjdv0i1VhmVMLczM6Kze7y_YZGNu,4277996
1MF0BtCylmxAUySG0yMa0tUB-snHXh9U6,4277559
1MEYYfLIM_jvyUv9oSYqAsHTdtBeCHqFB,4272761
1MEHz3RkM-qGT3V25y_zmKWeqhhidd6Gp,4272306
1ME0ehS4wl3p-O7lOW1nPFjo1AY4Dw9_Z,4270409
1MEGJPVyLaid0lIoauoXMROvm5NDWE_C6,4270407
1ME-_IwnNWnPs-uzTqkhshBM7vUZTzgqA,4268536
1MD8YXwxXS_fuwJNrumm9xrcmfzgkmqhg,4268532
1MD0p9QptCmj3twMbm3ltp8IM8_rwpgdL,4393929
1MD6qq45Bkipw-91kHsnDa4BDgj_NBmmZ,4385474
1MC75Sj9irahjBrcExdgqJZG2SbSgYhJ7,4368945
1MBfm-sf6a8wccoR-TcCxSOyCOvwdhJFP,4366575
1MBcVwfx7SK318INrmgquRWpXRqP8Rc4j,4360331
1MB3iw3Pit8LFiEi3-WPsL90xZD_F405H,3986466
1MBVlnWI4UQCw68uRNu4xDkVz5rzLiCR9,3946291
1MAobluumQH8asqB7JsGBnGZ8QYBpOZ6n,3925385
1MAsovzwtB3zhiowNtrRsGaD2Vqa5Gv18,3866446
1MAG_Ydq7xYYhGepqulKiAlz7l1q5Squi,3893439
1MA2PTxGNQCZZw6V3deWZ2QQ5xv1kpapM,3842978
1M9c_F5BBf_8x8F7wS9YOW2Dy65Awa5uX,3911118
1MA1VQtcvZpX59bPmLno5Mts_QTvNrX4f,3792017
1M8d5_6gQPYKYhclpgbUCydIgJQQYddeQ,4007650
1M7sFhatx5OI_g0tkEWxNA_XReYNJgz5J,4000322
1M7zPJQ09mkwVt1aMwQrY85bXeJ9kuijf,4167733
1M7dyPway6ahl5ddC5wUYbLOYYm_ymCyc,4077848
1M7IpcPcDBW0VUF3VPeYeAJ30G0fmcuAQ,4073788
1M7AFaqePKhzWKKudXKzpnS1FZ57v4pYQ,4067908
1M6R6_SUUWdFdZOx3oySb-ac16pDa6xGS,4054357
1M6YyD6OJqHAZEzbb5Q6YBEwy6YiEYGLN,4101177
1M65dQ8FXP3M_nLLSo9lgo7GPelJ8ekS7,4096159
1M5gQzd_hurnP3-TVp853bz4db-gZfJnb,4137466
1M5jZWmOYGVXs39Eojc_5e2Y2Bf2kepHs,4019665
1M5CnJMtMQaISlG7IpR46skYr0MnNDgDF,4123256
1M5Kd9Yrl-oMjYMs_TkxFrFEVzVGyxmSr,4118425
1M5B2uZEVM0mjCplY9B7v7ty5UGT4OIV9,4118423
1M4wVbXRZum0BQN5c_b2GJSMbT7xFwsMi,4112081
1M44qgn2xuQoJY2oVhNZrdhn8n1MBc8t2,4194915
1M4dnHU0PNmcvgFfUzTppI8GaYRPAK4VA,4190382
1M3VCUnGXrfsB-3vHwbWzwnkPReXfWlpb,4188521
1M2kDhtmz7V3aZmPhGLXdc-1vQ87bmc5T,3320379
1M2C2ODTSwBYgZWJrxq6nWSIyBwojiYvH,3597404
1M1B74NtmPVaWX4AtjHPz7_rgVR_zoIlb,3588498
1M1GpQial4489Wjy1SylaCFOOY1o_2xpG,3587344
1M17nqvxPVNvRTKI3Hs368XE2ns-giFbq,3659482
1M0x54MQ6jKMwYbUlqtQfDQwo_Mow5_W5,3658439
1M0plJ97tWZHL7Qx4UwImbydgzOygEnxT,3723822
1M0u2Xql7sPx96kcN9bpM2v2bWc4Y3_RY,3703734
1M0oTkFOYrTmEZ8O5Li36kuykLWXTlZCA,3526946
1M0fJfUDiJBRpijoBt5oU6bxwED2LI6YI,3526924
1M0HV43DkpkgeSnoLf7ez9yinuN9XwFjG,3524972
1M0GrUP7NQ1j0Ew8YiVc7Vp4ZJKr50tgN,3552652
1M04bAx5cpCVIo2QWv4X4HeEwyJ1F4Hwl,3343607
1M-sejXJtu8e5cbHFmTAYsh1T5Rou0ebJ,3301141
1M03ZbC_ykJgG5bbm3pkU_PofKzeyGOc4,3435090
1M-gXU7uQi10Ws62GSim6mfw_DfeNOrr-,3364771
1M-Yizc4-MouEmhwAR-ZYn4iQwaYED_kI,3419276
1M-TiBO2mjA9hrnQx4E2SkcgExFw9pTp2,3468964
1M-XnlJBC3P8RTbo_9lPM5pYEstwTC_dK,3468624
1M-MpH7fOVonRBY2Kv-05_357BtM3yDJZ,3458582
1M-29zbM9DHKNjODi7JmZT8V4CZife7Lh,3457955
1LznbBi14N0R-Qxg9VbT_DQFBR1_3VKop,3491456
1LzRhYKi9SkkG54j_nf-4TKXZ84qJrRbn,3401345
1LzLAT2fGSO0WdrN5RNNyrvxSW1ygYbMN,4412861
1LzAMvIK2S00LCi91t57I_njBmyWwCe1A,4412851
1Lz40eRdabFKv7dBmaE3mv7bemNQ7Qc-F,4412825
1LyCLw5M3rToi0C0oYR0RW7yOf6ZJTtF0,4393927
1LxQdewhl5FUczkxvmbAxcGALarIHt4mq,3694710
1LvZqV0-TFE4Lo1t3Nmn8bpDjgM28f7jc,4372214
1Lx-NT9TtdNYvqoNa_lw0Qmd1MmvmTCA0,4453760
1LxH0QaKvk6JKAufflB7ua_zfq3y4IQkV,4215405
1LtY7-rDJPxp_gDSIPi6OzP6dA15zx2iO,4209869
1LtBrg521QBU1oNpLQaHt2fW2VpWhKEpI,4239514
1LsTw07Y2OEWhnsJOo6riXpHORk3A8Jv5,4238612
1LsGRo5QYE9pYabs2nGhcaTB22uFD_SUm,4238441
1Lpr0l8tIH5iB6PAOB4xKPxRAaDUTUBCD,4229853
1LrM6egtQ6tz7gjjv35j2o3UWObjRuz93,4226970
1Lrl5HgBUiCtwJVYPBHxSsl3NmbF5BLoB,4306216
1LpqVBwiLIM4Rz1bzyZYs1agU7kmxIfLH,4305237
1LovJq7ratMjWeg2CFL8eZq0zrWAbO7VL,4261955
1Lodr3iPvbLOoDQ1tAhqhUYkZL4IVeqmD,4261839
1LoLAoYslANpB9GoaoCQrDn2l2nw4UDSb,4248391
1LoJsB-wd_fx_HW3qEEPiyXzo37Mek31U,4331794
1Lo1KgLeehny8RxtHwLdt28SHRPuiIQfm,4325566
1LndkQNAopa1hSlxnRvLQaJZn9flkitwo,4350518
1Ln0-04-2wlGXE6fuyyHl0eM3WUGVGZFS,4342687
1LmtnN92fubhwP3nWOvd8mVzrmHVsINgH,4338072
1Lmcr07Or5GCdpim3zzzHpFHS_ufgtI9D,4288243
1LmSUBf7Ne3bKaGG2LbylDJlqR7aagfnn,4280459
1LmC_amXddbQlKn71mfb5QEKoaNkGGJTT,4278135
1Lm9zuLzpUkumhQJAVoJKVBQ2pOaK2zpL,4276282
1LlmbiGpwQOCmPFIQpIuUStEvKYmxxHp3,4274739
1LluMRjiXdC2djU1m-fatJH2P2M42diVo,4274674
1LlmH8QPFOmdxBS7LgMP9_9B4-9s2oDcK,4272375
1Ll4dkwM9XLpkHqgwnRJwpaSPcsnc_wuN,4272336
1Ll3MwuswGkmIKA_Y_9YU7z6p6GY9AvLU,4270154
1LkNcFyvsJFnDLLkGU9TRxviygJpEf85o,4402356
1LjyfixyM23_9ergY_goRlkRjEOUQFK0W,4367194
1LjMZdNbW6LWN6SIcs7Gt7zGSDC6ZtIWz,3992671
1LjcxyAIfLDJ_RxwfF12T0hnza9On38iP,3970825
1LjlOALBERw0w6c7BNQxTF3LZclkUSkvD,4013894
1LjDhNlfLg2RoHJwRVScVRQM3cLIHFx8y,4173235
1Lj6-7VZcn68bXvjp_N2MrSC451UbJi1M,4160977
1LisvNBlEQk7uW6p9PUlkb5eAxAuZsDdy,4072788
1LiEaHMpYhceluM9wVbs8ym_k3v7LKgkd,4058550
1LhLiqzZ8FYdutF9OjU783J9LMnr5mNdG,4055765
1LhSleTjDqMSH0NBCcTvJ4gPSq1814s1i,4054330
1LgiHZRaie85qm97OOJWPT1AmNFj2A-nk,4054328
1LggtlZdZzhbsYJx0mSLi-acSGqdBti-G,4090947
1LgM0fbcXOtzxvBxkV-K1h24pf1-o51kl,4144430
1LgBI28Z2LeKk6YJkgR5Nt-ifqrMMmSP8,4178126
1Lg3U7-diCYjX2mCXTXM9oCIkyJMhnzzl,4176557
1LfEQPHQeivTFcLuQZ-BAxENL6bKPFK2X,3596107
1LfKXzO8NTDMI_TQ_9faurG4WCVEDM-DA,3768727
1LfXLiT3YaPxIYLQy654hweqeHh1rMCQu,3701402
1LfDGo2KnBh3hXj4e_28b8mIg758TZVYv,4180413
1Let9AGWSEYrcKHEWymN_g8rjQ26AVR9A,4180401
1LeWSYca1pSAtMxFNtekfedO8U8eVfFVd,3735452
1LeOQH-0-OipasXhSDCzyVwMqZ_4fQArE,4010334
1Le4ZrSplXEr-l6-HbBL3hphLONs1-fyu,4026582
1LdaJ8xbLdbTP8YkvEVNNxElZkXIQntCW,4366601
1Lcy07aqqw9nWcPlHkC1vEsP4y6qHZuZn,3986066
1LcMe6doziQnevCG5gx6Y7TvdPv9NcmsN,4102349
1LcSAC_R7u6JtBg725ftLsKYQVW3maaO1,4259484
1LcVUX0ij-NeOSFQOtafCn8DukcsXZhrZ,4133561
1Lc5YdpXotTAuSqctfBt5ArQQzrFdzM_s,4143216
1LbsgdXhcySrUBNKiBkuoHcb6W_9of3CR,4195035
1LbccluhYANpH5ZIXku4PqwbENnANsq9o,4179382
1LbIFRiGsYyksGOC9C_9xACbJl8PClVfN,3796075
1LaxLGgw1DkqxRYU1vPKwCexybh8a7k6g,3786933
1LauqdDlLZuxVQWHjW88445Ryym2c-m39,4391031
1LaNvi1TQz9Czw7iYSSBXMRZ-0DuAA4RY,4412772
1LaZYE3tgtq5CYyOw4S0zMRHxNyz_J57c,4407462
1LZzp00_A0ne1AlHxiSDNDin_AuPdjlGg,4128184
1LZfChrldm1ZdB5j-8fsj_Tq6f9UpIXuY,4416569
1LZtnRqL-3jqND4WruW2Yrda1_TZrdY-r,4328650
1LZafbnmKba4jybF_6oJhF35GlMp4Avca,4422362
1LZMwgrHYv714MMX_JD1T5M9GKP35derE,4090949
1LZLUiwlKw5r_SuJ0z1xqTy6hhKPa6lh4,4010166
1LYGagjfgmTBz7OvZBdPqYMTd-a8W-npl,4159009
1LXg1CtuLgbw_DLY9HI3wrLok9csvHIN2,4149093
1LYBgtWPKxnkDBmu7uo8nC3gi8vZhIzT3,4144440
1LXGhkoRCFubH-hHPo8x_kKa5KUlerst0,4136154
1LXEQ1ZpWC_epBHilWXhViCn4jcjim0Bq,4136151
1LVQWxthR45QUpgLYKV1MO1Y8kyWoByO-,4133562
1LVwgHS_ApWBh6WgEMlOmTsRrIDqdD9LB,4128234
1LUbEhza907PuxYounNKrtiEPpvj64r3r,4428004
1LUPmu32BUSwedgQ6UO4_X6rsYYSHmpBy,4429760
1LUG41q9XVrZn7WKGeJYV2fSan_XjwUPQ,3926099
1LTw65Oh4Y4fk7EM0Gz8kLavBxMb8256y,4164996
1LTklASMbY4Uf_BU_SZx0mDSL7nw7vGG-,4136158
1LTf4uavSKcQ-Mx0ZojXbbkIv3vHjB2mk,4121576
1LTTJ9jOc5EgPMLKdZU1dzKEHOEwSFc6_,4432633
1LSX88zVCWp0IMseQlr0i-H8hbB_l1BBf,4432619
1LRW_29KD6zVQIj3AHp0FP2uzOYXJMf6K,4431897
1LRTnspDjFEswLhIXt37ssH5tefqaL7sF,4433673
1LQrSJMuH5-Gj9fT5oGhppYyy_0sRYzms,4436545
1LRAKfZg3JWVWU-kFkLhzvd_WguYLWhCy,4436488
1LQo0VSk4ZwefFODmHW8RTJXRET4UTRrs,4259291
1LQ86UWSthADc7XHQHnJw72G7wJLVp8Jx,3993178
1LQGRvWqVG6EW2Ai1Kg5fXd5GHs_HYqez,3991893
1LPTk5kWLDpyCg9WU2UXj7SpwlBlymMsQ,3989577
1LPdiwSzW0YpiU8_aEknQorV5KKVuN9J0,3988852
1LPDF1canNdBjGNl4Vx33yL0x1l2aw9Fc,3986897
1LOkz0EG4Bm7vlImakiazE89bNEIi3bM3,3986896
1LOjWRhE7snkaYhoBK24rDMCl6ae40tmF,3986893
1LOWt5j19TBQZsftlx4WrBKWUddpGXSe7,3984564
1LOVWtkk94BQ1tAfVrLYAwdF0BuTO0dqJ,3984563
1LOJYJM0HV6uCEiJnFirwSjw7HrMdYcv4,3984559
1LOBWNsxQ2K90F4XJ478dUgGMBEPeLqZw,3984544
1LO91hHVkF_anouETX5dAMG4Q6S6X1-_0,3934248
1LO759cRo0dk0OVvjae5SxyMer16zdgal,3868601
1LNy4qxJxQ8PF_hOKDFE2BDTvBlLZmY4C,3858845
1LO71pDROZ1z9Dv483nTE2hZYWetXdCnN,3959134
1LNt6sRMXXEM7N1-WLrKekSDUvknT4UNF,3957799
1LNq__1S3a1jpJV4oGf-6XSNe1WNL9Idz,3956485
1LMxz6zMrX8zQENDzi5LokjDoWgCBunpG,3956484
1LNTCtHEuWCpjGa6z3UdkuvSUoNzG3jL1,3897181
1LMW4tl7RzeNap1mT9mccP4UGCrZlCLUU,3897173
1LMXFwBUglECn7e0s4CkCKXCMQHNuKRc-,3893687
1LMnrzE8YjXMuQ-WuOkG2GaOhY4hj3asF,3846531
1LMNEpz4oraGaMLdvdCB8cipuHZIoM0sl,3811468
1LLxohVN-WjFuC5CPensiaIiSbJtPZzju,3997869
1LLpdGiQk5RdRCD0NkEeAH7s3bxsNaKmn,4082501
1LKiz7b3uByG7ZUPwb5-r2i19RCmPPRSJ,4070928
1LKX33VVprCbloZ20pZd1OY-CbMEvUQB0,4061743
1LJy5EQG7Id5RKSH2tp8UGLJBiK4gqYlE,4061637
1LJJwUfmefNaHLKOgJ7PNi3lHCCbSxLeB,4061636
1LJMtA29-YpaqQGMGNbt2Pzjm_6hcnG7N,4061609
1LImmn9fYygi1qP73Xzd9KBq7tjMRwXgg,4061607
1LIlQBd1vHDZW6cCCVPWyPs3_pLw5SmUT,4061604
1LIkxAywSTDnF4MesKCyGuVLwxweyum9H,4061578
1LIkldeqwxzHF12LbjgICnS4X59gQOaLm,4061574
1LIiVqHHV7BhTpZQxIMuNdAzGRbrOOZap,4053836
1LIfOC-zgwodUD-aIqdnwMqlZALalLnu6,4046795
1LIRY6IEusxIaVUL9Eo4n-I-mY_RUjunm,4040314
1LIJKO6LdyOyyQtixxTN8_Hvic2wA4cR4,4040217
1LII6nvONPSTWBoljdyJm3lGfxLSlTH_h,4104659
1LIByjqLKoaBo5O-nxNhx4JNEBkzB1N-f,4104655
1LHahaaCSer8HASf8u7xiIs7TqJS0fguC,4103977
1LHRAKQhCVsCbADZjOexsZ-7yh3y5G5Yp,4102920
1LGiQaQzUMS0lSoUs0527oXLH3d856qEx,4102346
1LGQqw7g9OuYuyY48NJY13eFIutD3F4TW,4101614
1LGZynsjv10nLj4CBRravxHn2ifQjx1ol,4101579
1LGJIejw6SMhQkBgiopGYJ6H6Lp3XiZQQ,4096995
1LGQ2CIgl9OYgJwkyCmr_EhrsFkE6qp0E,4095832
1LFm828R5qm1703Rf1iFz-AdE9ryB8kH6,4034067
1LFfFZXDzqy34UEj316HoatGJNusKjLzI,4034063
1LElzx5yEgtxMOPVIMgcO7NjkX7m18U9B,4034047
1LEdOzbQ-ejSNnAlVCpvDXWwl3sW_sVcL,4027283
1LDBwGGzO3AfQshOG1Qc_oM2oiIvGxyl8,4027282
1LDazR6G17fep7VuQ8_6mgPwQ-A2__WTk,4027281
1LD7WI9b4Oom3RCfQUDi50QzrvvFA1eBi,4027229
1LD7dNl0ZrPboMh2xrp4iVJ_qzONkSgTF,4026078
1LD6oGLdgTAUnqWG6tE2uk_albmmoEZ0O,4018439
1LCa0JHGhTvUrbLDMyM0x5AKr4ndoEyyu,3773405
1LCpTgXJw6lSc-VEi-uTqrH6TdJsUSSYQ,3773399
1LCRq8g6ptFO65H8NHlzeSEArVLyBujeQ,4437249
1LCYuLqY3qq2mD-qFGr826e76nCnzp-_0,4441992
1LCFzJSaZIpxc_fMqk_TT8tNXBJ3ZqQyF,4397032
1LBxsYpkeHL8KqvGlpHEFgjcDnQ3naWS7,4128264
1LBm0sMgX6GQWmaMUIxegKj32Woi8OTUI,4444842
1LB3z-dFHXffbJr6lW7aHTkVgYKojcXpv,4444838
1LBENt32We81kFxackqxYDPiME4IRXbVe,4029711
1LA3hisyIGBPnHO1lf3GQP6tD01aaiFJp,4447296
1LAbmKAXSyfSGnx-ynDVxWtXYWTFAiLta,4447290
1L9PUJ8zPpoyV-OkBpYESigg2bB87SeK3,4447277
1L9PLH8gbeDuTY_356m9-VR0DQZk14-yY,4289800
1L9FSM7S8Is07oBqJAxfzW2GTaKfD2mMp,4069936
1L8mjVio_Qpr49gH5eI4TPN3GHqv2rlv4,4146055
1L8ezhPjxVZcFMxjwqncdlkeyIQxnN5RC,4145743
1L8XIYsD_-1FJSRYdOqDZ8XC0Gm0fPYIf,4180625
1L8GMdFw9GpuM7GxYFfsy3OgO4GjeAllt,4448978
1L8N08x6nEwjwMqAZ7u8R7r5qMOB8WOCd,4241527
1L7LdpWhkP2wSSNEtr7-kRZKDC5d8Oi4U,4241520
1L7geFDXQArNH2-EGitWZXs4oMNTXr0hR,4241404
1L6XhLH8Heo53kcY1OSdOu7bijp-DUS3K,4241106
1L6Wg_BH4yUFCCGn4K8Oe7VkY1lZohJJ0,4236105
1L6KKSNKkI7GRqxA9i-tB24C7mYN3SN-D,4232165
1L4YRlX9s4NsSq2KkCjptwY-YWs1V_kP9,4228376
1L4YjgKURKcZbKLNzLTdm50P23VsmqZvc,4228309
1L53D1XMs-Qtcq0AolU3jLoXfWiYnujUg,4297440
1L4EAlb4ij8NWEh99PkUC6J8WBqmtAon_,4296999
1L4CIc50kLSsTZWEc2OuDNhh5NQZ_Rzej,4295860
1L3fgCTHn_UIpuscELHNbmgfJgLmug9FJ,4265075
1L2HTJBliuw4QPQ6ss0GGNRR_bks6sGmz,4259475
1L3OKpKnBHrFfMK2bAO41mnmDjbgX90OB,4252106
1L2-CiU-dKut7ve_TxG7P1FhN2M7xjP9z,4247252
1L2GAMkyCBawy6o4AzQyKId_m9O6ZmBFJ,4247026
1L1aL8iaveN8YyaPjNZr-12_p3KKFG0Tx,4332126
1L1q5IcUxBQmdt_tkXusSWkxJlhMSG0x-,4314731
1L0xonWP7pC9OAf0gnTeUMSrdk1kAnbZx,4355793
1L0n2_moM5IA4cbHYN4Tx_QrK2P0IqiD3,4355753
1L0lWZf2wPQPdKHOMCrKPFmQbOassPMPG,4355752
1L0URSwYvHEdYGK1k2p-pa_nKNpWI6HjB,4355749
1L0FwX3sFkBFSQvx8T99I9qpjnt_NtzxP,4344926
1L0EdD1GHwvEdaXzCuJGFPHj3obvkDcgA,4342984
1L-vBuuCQ35Zqjqt7ZkmIN77YClxtb482,4339732
1L-tj0vYiNt2bPaOfZiZEeYHcCnAQZK8X,4339700
1KzwALcImDi_543h43_EW8CzsYhP6N08I,4339657
1L-CDy6rjQSZc-E7P789VuWzDssDAUPhy,4281310
1L-tH1p9DQbVTMHvoKVf2MOMhG0as3sfB,4272677
1Ky-1t25_hzK-a1tSG8Kqka1pZ_ckSZ21,4268535
1KxqKDi1VhtYXg-gy-4WTzY487GzVZRvj,4395706
1KxapR1wj3HDWnZv-BOuPijqe4Z604W4H,4391831
1KxWJPSanNBB6Lf00ST1LjrHlwpi07lvx,4391826
1Kx8aZ-RAbjPGaKv9rIG7I2iTSMWjCNZm,4389428
1Kx5_E9CyMSGd8YToX2YyZq5Bh2BUY64I,4388836
1Kx1nD2Dp6kQ8QKyjOIRqXXbZ9r8KFrU9,4382026
1KwnWXqZ-2JSfgf4yqKCvKhK5w66O_cC5,4379884
1KwAaK9OkTnkk6QmRI0Gryw7P6loaIRlE,4365102
1KvnxLE2gQ03p7PaboKazP4S0sicHxNpa,4361227
1KvhVo5OSR6Fabd1ewyKcda-2DlZlwfOo,3992688
1Kv01SUQJ4dflOqAiPSpSpFeF588OimfN,3992475
1KtwQlEiynSpiI0MYKdPfPfcH3HTULCIq,3934319
1Kt_FM-PgDReE7kYUqzuM8UcoHyHCTtKN,3868599
1KtXRDf4p6BGN-abum074zzE8vKupuyJ7,3959135
1KtNGV2R7CuW8Yx6H7MOq6okJaQXfAhLX,3957767
1KrpC-ng-b8tGG7_f8bH0hdJZpdl5GDqZ,3846483
1KsrRlfcJGb8riplHFyHtdZ1L_LzNzAmy,3846436
1KrcVN7Vv1TatEihm7bXmpBr-mDjPfpzi,4166511
1KqELe_342q1DqkLiE4MsKgfEWr6jRnJL,4162929
1Kq7dUKz3XwuLgsVJZTA_Oftn5SEW6yek,4101514
1KpFnkICI3R0M9H9-7SL1_pVafIH1e5Au,4095957
1Kp6HnGd8IzB5dcv51YtNswJtJ8ROsDVp,4095955
1KomG5_vVaGJWBxPn1l1xofUl3ri8PjOU,4093843
1KoqzpM1p5kt_Jg9gkbgGoYtS5SGUALy-,4085233
1KoYdLr3z5ZWvkExBSuxVWi4yTu1yNgbw,4136852
1KnzbZhXZoEfHFw2oPWiW2XKC4ol_16Rv,4129765
1KnYZQTjgVXYlKY5nTZykwpq4f8Ql-WPZ,4129763
1KmQ8wd3U7PjXeaoleaRlFEVRLFW-QcZD,4129761
1KmE2EWtXbEUhacetjCRf1-V_qwux-gTT,4129746
1KmBbAiqWeCxfMxYqPlu0_iaH6ltPN4b3,4194659
1KmAdomzJEJNZYBMRsLJJhUAzAfuTsV1s,4194658
1KlnTpL9GrkSvn_PLld5gHWi8Lk9GhRon,4188531
1Km4O_frhb33w2QRTyDEolTGkZFNz0KgW,4180674
1KlmRDmzMPLnPBy2oFVBY7Y3ie9sqxwL8,4179808
1KllAfuFw23jTbDoQYdMlbErmKjxmktUR,3735454
1KlgUdvEK4XtFo7k4d29Z_kWYgtIw7bIn,3711413
1Kl-at0fKxGpqXvGdQ6SWnNMk5CV1dzo3,4412770
1KkxeaJeGHhN8PcSaMm68yZeqDN1NaDZh,4233540
1KkhnkY3ku-DqmvFiPArc9WLy4AMbVXFF,4228555
1Kk7nWjje9oGKi3SZ5xkvTrReC22Srf3h,4280620
1Kj5prGWV7_sarY_9XUppqfqTJPmMx-oS,4270140
1Kij6f0TrqLddYhVVAYhEAhZcZRU5pZqN,4402711
1KibNPrf5XTXSn7CpnopFnumTK3gnjzix,3986875
1Ki-uEUZHy6zyWwCRe9xHa4S0LzuLOc-l,4160822
1KhkBQDaH_Bpm3cnydiCdtZzmbYIueqLU,4096165
1KhocKKK4qTOhxtKRqy-j9_tF02HF2_da,4095938
1KhAMiA-ro2QvbpZwQSYDBxcVdsW5r0c2,4112701
1KhFQUlyny-Ly5N082ZimK1gyGcUYArPk,4188685
1KgkxB4wdGEjikX9RFSnEFc3rZOETlD6F,4176960
1KgSNTHN18q9x9DGzj5CsfazZ6CiKB401,4375825
1KfutnjkDyQ-8FfLWOP3qVwVvGX2eAjWh,4383222
1KfWfmtm08B7SDINu6Dls4ppWi27FIFz-,3111268
1KeiziE4S9dzTMc5L2GwRhaXoMur-GJCO,3111248
1Ke9RewHoFxqd1JDc4GXXICwGuMWLx37N,3868728
1Ke5bGcc99XeYO5D7-I5I_fyi6AqviwoJ,3801035
1KdvhZJe2kHmRalXOBrhoU2I9Uelys-er,3359409
1KdpKxcj3RwLajT_urhh92b1U48Ai5l6S,3111261
1KdSNXVf-TiJivEFBbly_4JaYy0fSNPz8,3868731
1Kd6TR8MpGBaIs0l1b4kFotA5YUqv7rVO,3801031
1Kcy0eqwOLhv_JOmiKgfMq9kocTEC-HrB,3668584
1KcNwcL9bL6oBK2YNokZaFHHVUQLAzvbc,4126109
1Kcf-p8GlwARr8UyCQmeHaYJOjoje1kwi,4429994
1Kbphs_53XdAQrwoXhSQIlbs8Tg45cn3p,4429796
1KaxFMeKESEZOiSq7laUunz6j3-5AJZoz,4412880
1KaMYKpaFMF_QC4zfDojgsZBzgtIp0n1I,4412878
1KaLEXyzCgyoAB0QKkczXI53jrd7Zu-DZ,3105479
1KaBDQSe1NVoSwULT0fjZo8h_0H2VEXWn,3171137
1KaCPhf3C0MqUiqc-2kJKKDltidrzAbHb,4222649
1KaHM7e-YMHrsDRYQqoK7sJEjsiB8lADJ,4307837
1K_y7t1j1cAle_2OF4bLvuEZJ9cgN_vX1,4307821
1K_wBrGQTGNIhHd11dSTHRyv23D2SgPtA,4305889
1K_36PxkshnVvRAcH9ZaD6A6VH4Q2yjzd,4261999
1KZz1zlnPjvJTyL4d9rKARcLeE9Mu9Drd,4332745
1KZZGdYTSwxPeaKQ9kQ8Xjs7s4-08OLdB,4329053
1KZP-s0b_i6zd5vb3SWsaf-D8K_jU3kXa,4325731
1KZFQl05JonHhGHz4oV6qQjy1SADhR4YH,4317793
1KYdsdION3tnRwvUbnO1Vc36EdQ6GjzmO,4315376
1KYdjbzdixKL-e7F9eeIbqA5uIN4TATNH,4315375
1KYVsTjZuhqTl5sS7PRwGWy14S5vp_kHB,4315290
1KYcJffzmSVYs5XYUiQTuUiOgz9iHFABD,4315240
1KYFEGIyGrppf1kja-Ynj15Cx07ObO_kQ,4314939
1KYJPX1w4_zgj1F5XnBrQXNMxofX5Q99s,4314937
1KWlwktbtiE286DI_x5RFJn12n4PRAPxJ,4314501
1KW9IqV2fbzu-BXbxaxIUWpzzEcHcrUjW,4353774
1KV6rnCI4gtnEKbBGJNciTtbq5CHxooQg,4348763
1KUOUOC2MfHATLDrwIKSP6BeSSJby2EJN,4282574
1KTczIHM8S1XTlsdjD_iJzMkC5VnJddaC,4281301
1KSf-EylvAt0n7boOAdm-bPuOG5KyFF-e,4280727
1KSdyvN4RkDvZwYijTM4jjwx7zoS1Mx7S,4280426
1KS8mj5x8T_ptwgla6dpae68nAG1czn69,4393729
1KRrfja8VqxWZLjAvD1pH-YCDeVqGvdCM,4393728
1KQdQPoiTjhDN84PxcndNwvCnyHLa_Cow,4393725
1KQCnuPdEx9dx1dNRBuKr8GdzWAoAmkoi,4371310
1KQ6ef3JT5DbVVMpSZtM-xHzEBMiWpECW,3968207
1KPXEd25DxieRW7yTWaxsXJBbMIXWRDnz,4191850
1KPO484D4osBBOBsNgA908mc5zU52yR3r,4180279
1KPLS9ND56y0XPxjUNJyrowCdVcdIitkv,4180278
1KOsKukwqsmqKCpouGvCFU0iJC7G5s5UF,4176663
1KOm4iQZUAUmY-sNrBeks6F84Q_6TcQY9,4176512
1KOaFy4tdmQzsZFpK0oq50972EVz6KXGG,3329088
1KOPKnQaDDQ04dRM7o0EtUrs6Ew18xViB,3767754
1KOOBl6j4Q_ufVMHk38nvRM86CvUKS3tV,3741267
1KNzjgFCkWgZ7nKA8vbm2TtCUDylIqm4A,3741078
1KNtNurFg3lJRrD6v-hu2VvRLsr4c9VZx,3746325
1KNiQi0Y1zq29tzwWY2qzRAsgqX--d3dF,3549127
1KNgb6Qy4Ld0gMxOrwAZhA1Pi_gg1jYFm,3305364
1KNeA2dQ8Wd-LukSB2TAejNYrRFVPMQFC,3397550
1KNPWUGiFqYRffjKuKqtGrmPL-uQ9MR0w,2227597
1KNN9RhzFoiaCplDjOAuqI1wAuAadLLNV,2256251
1KLy3QJrXALB0NUcqLt86Aa1ZCZyzLmw5,2796620
1KLbgkzD8-8wjMkb_53_VnE-U3jw2JV_1,4412877
1KLZSyXZln39zHIIBLO4jjZkecCD1ZRVD,4412873
1KLYTlJ-3MOqlZlac5LQE8bud6LKKOU3g,4412871
1KLR6NQug_aMDBnRtCBmBRGSTqXVv3W9_,3130445
1KLAFiYPCsvvsLSk64Meyr3Ec7_asatID,3151249
1KKr-mB7kljONfYKJfAQAMgSr_gIHxEP2,2318486
1KKAkwNxahH6sH1AEb849KDmIfQyp8Eh1,4219391
1KKkfkbivX9vwqA_TbEMjN4eG3h1RnjV6,4206334
1KKnOGLUtpvdQyqduLq2HXmOQ3s3-ilh9,4311048
1KK873ZVYnZ30n72rMe4Eoj5xBcGwzU64,4305328
1KJz0HeP_dH8mnfW5G3NfCw_dZw1U4rHC,4305004
1KJpJC6iTcjZG_Kh0LqjgBdcN3ICTvnU7,4304982
1KJmw762l9RSYAAfiGn7xQ9HYxnGLFtYI,4304973
1KIrq2m_1NyL0esxdxForSvUTNn7_3YGv,4300100
1KJ34dZN4HX_sulmi3lMs9Hb1VrVozzIm,4300094
1KIiya-v7wINNAgkNjBL43uW9hgvZmIkI,4291100
1KIoH02Fbc9EYcKlbVfVHZPFH9IWdyefe,4290859
1KHaBDbCuslG8kLVMlMhOFADN60qE59hj,4328686
1KHYwv_2LpcAPKOzqjnpudeK_WGUPS5cp,4326138
1KHOJo8jhFmTQ_lSKrbkLMB3i0p0JMq6R,4319504
1KHGQEcdjCh7tQYMcJNeX4BC2waiZaRPI,4319503
1KGrX7KBT2_r9cbWBdQZGdXblheLuKsqj,4318763
1KGxn6jNgwwNbIOyASmvrgPckr3nTf9Ak,4318180
1KGQ-xdASO9kBwytVIpsvVaHzeKaWeDWA,4317465
1KFpmvUqZX1-x7vtny5-3FTUiUw5dj4p5,4315539
1KFaaXdPpq2OtWyoCXS0YofAgAL_YdTk9,4314527
1KFPISLZ1dev53SaeLpLxOXqqio-IqAn9,4314445
1KFCAe69eGRahOVzV02qXdr67SJ_0YsT8,4357281
1KEL8nUH3qZ4jGnQDv8c5kc2qmRfG0DGn,4336582
1KD_5LWr8sbZzzQjc1KInGRwo5IPUNJ5x,4288006
1KDmWP84cxN5EjbsXLtCoquBdyzPjP7vm,4280428
1KDQ9Qoi5lwRlkQJqLYr3IiaX2DfcV8L-,4278189
1KCOzj1fNhqAKv7f1J2UPTBfbmS-ROMsx,4276868
1KCBvUy81Qq8EQPHC2yU0DwevLeI73iHj,3968416
1KCHQXzPtqNQ2jIJm8MAMCUclXeerl5eG,4054286
1KC-FF8vSfsvqp0uBLqEMIVcqDn8mCkyN,4176747
1KC39Rvg7Cl9fpxM1Wnj3FnXD22eWbRe3,4176559
1KC9VNuPKEz1tYdK9wrpPBd3XD_mvguBH,3748043
1KBrVIPPaqe3TNo3pytpLVhkKSjsbnBNO,4322389
1KBhcefZ72-Y8-CxT-uNd7g_Xc9j8n_DD,4360836
1KBO62X-OE6QnRrmZLV8wlDd0VkQYpb1h,3712467
1KBJcLT7pMpHo1EngAzkNUQNKEshMapxv,4411727
1KBI6CLy6zkJ-WgM2Pcbh2ledAvb-zfEC,4415892
1KAuosIULRB3yRAg5nxxKMTtkufL7rJ6m,4419045
1KAxmv7D8UexS4fVVhxLm52x94xbk-zwU,4420107
1KASgkthpJJc1SYeZgspaKvXZ7NPzXqJm,4420092
1KAiZVxS3tHp2pVZPCtmQ_AP4holNABAR,4422478
1K8mYnjUSpQAYNGfvJTBgXd4XKL7D7PC_,4355077
1K8J74DiBG0Z5PBk2bVKbxNtvNhKpwX9r,4274788
1K7wT83MxUmrUaLyZ2YHXC1zLUiug6MAW,4430022
1K7x1gPLQoThRHdmtIpsAHIMt-38rBOuw,4429763
1K6RadgekA1x-eCisWYvvebGwaLolmpnb,4432281
1JP8eQf6cU_L6mHXWjjsmxm7iXCJzR-07,4227732
1K7PmQ45p2OAXKiXhVJk1vV1ReJzYMx1R,3872413
1JOyRpmihRNpNxzSmBTKCYQdHMbgIePLC,4332664
1K67uFdu62jL_WAd6O6L605V6d1sYtW9t,3737995
1JOq2kXbzxLJG88Jd-wXJLmkwWtFjkMmf,4326000
1K6GZ_-olpxnRSUmuG5QPX6cjlH_EmLye,1617101
1JOtcVlm1R-HUr6jwVxiI2Y9p4_Z1lZ47,4274297
1K5mnV3_uyGD_bIWTretAgaMTB_ytdTSz,3152953
1K5g_zuzJxMDDu8M8fYfsvjGdyiafRwzv,1359963
1K5ZzcY0hrHNwyI7BQq_bYvnEFvnYF0kP,2316875
1JNcClG075wpluoAjFar371L5UmHdz5Yx,4365454
1JOgbw7VtxaWpaQ5TEV2XOuvPECyp9bCU,3912078
1K5J1UArCsifAFJ4yHp-FZYqQ5gitLOxg,4401760
1K5Ekcxsfw-2yOk9cTISh7JAIv_6VvU0z,4397674
1K4i6KSudLyd5k9TtiwmfG2okuee2eK5F,4381801
1K4lauN0p8RFaNtiPKrLkp0fQ4Rnyk_mS,4375495
1JOpz5rt56EO-3SwOSUykdOFcm5Ko-1ku,4146768
1K4ScgOKMCgJ18qedFz3NHvNci5LXHVTg,4371667
1JNZqxKTxZ5g0eFEkmqWlT1FZ8ZeQ21g_,3756641
1K4RYZW6v5ooRNSnbPwPOojSs-IYNX2Dd,4371662
1JN2eohFkedyzkEaXSiER5ASt2RWYBaBm,2041962
1JMgLNnwnxoD94rkfJravP_qg6W0c_jf2,2156170
1JLalHqxFqZvWhuw_ol9ODgq0BUEYiYU-,4217918
1JMgBWBVOPz3nb3hrrzijle2ahaC9kbeL,2200418
1JLemgietcYyMPja_nReFNYD1WFpw1rGl,2902747
1K3kuX4A3P_QuY9xkTRC4SWOAN1e9DTH1,3220277
1K3mTHQWlp3KOaDCinspZQfyNWcssRR2M,4160731
1JLYK3OFRHKC42zEGJ3nmOyIgbvcyrJlF,4210023
1JLPgkPMYavN0Iff7KCU3AQh-rWQPbi4A,4225622
1JLJIrz81yZm7Z-VddGE02YmKmlU0yxba,4298348
1JL7V-4HGeQ-V-BTYLolfvRBDQBmD97zY,4328682
1JLBbdAEPrT8WCBLBFgaNLg3RwkUlHxzb,4352730
1JKAYhoiT9VrZlXAjAPoE73szUUT2a9Xs,4091004
1JL3wOP_YjWSrmKiAE-kB-3Ef4Oh6IpJ8,4134782
1K2xvfgb9lX1hKAonqzaQoCb4-MEZcdm1,4263993
1K2s6u3B_SxVP7bBs9s6femUQvaaUexXX,4348087
1K2PegJw5LSAWMb7_rzkN50scRGOeRiey,2393844
1K2opNkpd5rw9m2NS4DNrxkM0-dVDPXi8,2024395
1K2C-FMUa-L7hX2qOSZmNQSYdxQag7096,4240029
1K1YCsO5tCdsZoJ37G5htjBmqPkCjYOs0,4283477
1K1PpgRRrKpIj43VU6d1Y53S4mzQIbHip,4412863
1K1NR0_KWAdIb6WYT2TmpftNTQYm7uZDC,4414845
1K1L59_NgIt1Jta9D0mpdIJU1ZARHrAeG,4318035
1K15vtpdRL1qqT4vDiOA_twILkE1nOaYj,4194650
1K0QyqO4BTAsCai-fymSqqJsIcJ0TJ5d8,4202678
1K0dkvP232Uy92UwTju08oIiZ_kWQe_jB,2033286
1K0CAGBgtKIRVlgyxBK0ug20sey16ORJW,4112866
1K05x8yOYWyAtOFC1CNg-ri2oQlMC4wyN,4432542
1K-xTm_g8FuJqNN9BUYLr8F5Bhk7wDz2M,3801679
1Jz0btAuJOoc3yHhSecKmLfDuePGEATE3,3801520
1JymZkn-_4tEDBuusttlbVSGhACMSuJcB,3800986
1JylDLhluG6ccBVxQFENEkoP7rC87zi1A,3800924
1JyQJnrfcqeTk9QPM27Xm3lCDt9xiTRKb,3800808
1JyNixthbSOD25Dvhro_zXhRGm06RrnLn,4061716
1JyNPUy3OnBABbA-OhfTssu13tKwZdvks,4108426
1JxuYLq8XaB-jrlsBHsBI3PootVrBGpZt,4418693
1JxZ6i_3iTEtBqaOi1fKRrMz0tdP5WIss,4444846
1JxD8Aahem1lId1-JQc9XFgbukv3SG6yM,4444845
1JwHw9DFc_yTOu7IVLwrFCxpUeAyJBbhu,4444843
1JvtWpGoXowR8xpdq0mQcAGrzh90elJuy,3069305
1JvjELbpFmmJi2kK3UbYEB2smU6UZqdGX,3168518
1Jua1byMCBxjtEpr47FwCSncQOqEcsrLo,3154406
1JuHVOw_rKkiWkKj2EeRIR5p2YgQryrXx,3154391
1Ju7r_sIYoyUNEddsyTdtGvc3FEolAmZ7,3151024
1JthvLna8gAfW0MlgcPIu_mAePgK1QCsu,4215381
1JtOLRiYQKxpMh73h68xIODm0umKdsQfM,4210506
1JtDIL0348ycO5xBWaJI5ickoUzOBUW5J,4201542
1Jt9qMVQy329y-Aybpn3b-4iGTxvQbP4_,4233756
1Jst9YuWt4e88whKAbqFrO1IzSE63-_oB,4311812
1JsjSlaaEcBrr9NioeB60FDrdSFLbifMa,4310555
1JsfRyFZ-ryAQrvsgPT_ezubh_ualxrFm,4307875
1JsVQ6eB7vQG5zebyC5pxccBv5OJeSsQn,4307873
1JsC58WNFLonrG1texGt6g79MNI6ANefr,4307850
1JryFD7KPJMv8j86Pop3ntjeDXuh8nr9J,4307846
1JrtfKwBMdCbS8f5Arb4EG_uovXDxNo0i,4307016
1JrckTrQ2q4Tsh8vA1LCp3ShuBAYM9cJw,4305113
1JqtnuxeSLbMNBlH_o2HFMYuCypnD6pTC,4305112
1Jr8zN2Czgz_sGF0RxCvzONdj1Mc48Zi5,4304969
1JqIurONjqIZHyH_sYKSSP6FgtzIG-YfE,4304968
1Jq1Wd28IeGL6znmmYazXaLFVZosV1TwF,4300213
1JpU_y1JOgzaDfHy3fYOtupiOb7G0zu9E,4300210
1Jp8fRQnKvf9eim1A-5pabn_MkLjx5zkL,4298359
1Jo1Vpgvz5QBfFaOfheCV2lry0cSpN-mw,4298093
1JoMwHIaIhdoT5kpshL730sxNirFeI6Iu,4293953
1Jo14GwJE3sOr1F0OrfG0aDGTFv9av1rn,4293947
1JniB3tbwwtWnRv8vi77MHVtTjCiStedn,4328373
1Jn_VaZP1YfJI_Kxfe07oXt5SHLKXlzgc,4328372
1Jmovc7xfGpneuGQ1wtZW9my0_gRAZovx,4328369
1Jn-Jxdl-VUTGRliI2cP0JpikFc5qNs5U,4322782
1JnZ2QD941o9bgyWxknhfNwR_RpBb1lwA,4322737
1Jmir9HLcUJ72dHCt951opuEJ-09q1gD7,4314886
1JmHHdGd_lh-vLiad5s93Xz6XrhV9Ry7T,4347619
1Jm1FEo8sYWGOU5mkPG-wLGbssqFr4W1E,4345534
1JlWGiO8h6uimrmb7c_VI4-B8g6H5mvBq,4288013
1JlxDcWWQNnulTaqitNJ21xlLz_vSs2fl,4284154
1JlI-inEFmGXIpSQpNCQ3eV1z0yq_8wU9,4282550
1Jk3VRljm-32W7mjSdvgM21esEHVOfJmz,4282539
1JjnauFaiaq82yi8--IbmtzMKO5Z3BzST,4282526
1JjSP0EidLbtigpoDNWfWW1fy0aN3cTsl,4282520
1JjUjp82Kw0ZxYqbr6zli6EctnGe3uIYk,4280585
1JjK93JJ3W6oqphrB7f8gd9gO94IXq_jB,4280458
1JjM3fVnlqUrWY5X6UlFOItuzP9B9K__H,4274633
1JiXR40If0i_VzdWrDzLww5Cv525NGWyn,4273918
1Jh4WFz9Me1MAAlwE5xqn40UutM3QHnQQ,4273916
1Ji9b7vkbusP7854xmCVrofZnmvWrWJoa,4272410
1JgSBOxumydG7H5rljXRIFf07xmxCK6oG,4376964
1JgU2ZSBV6H0x-NMO3DzV_Wnu0113DD5c,4371900
1JgN7bRiaFM9qxfmfJsdzhcU7Igtm8OdC,4371306
1Jg0NrgCeYM-fT13o6TMFqwMuEdUL7Z6Y,4366248
1JftcUGbRdGzufMTjbh9MrMdONzIyK9O_,3870091
1Jfo6ayoj5t7p-h-4pQZllv3LcfffIOtC,3968169
1JffgqGnfosrHY0PmFScg1X7jZ8Nsp-zn,3948992
1JetOnCkdaW7aDm3dB2NnMVJRaNPpLfhP,3910717
1JebUErLAulutnIpXwa1stb_2kpF9s-wF,3801015
1JeUbm2HzyjSn_uzmwxnP6FyxI8Q-80U7,4095996
1Je_J6Y8LidSCdiedxzV7RZOIOzw4wtHU,4088864
1JbsgDwOi_TO9Ox-yyzJVggYSNW-zQ4r-,3530407
1JeNN7OLmQaq0w3Ex7AZGBolJFcnM5-k7,4018694
1Je-olxT-9m4IxUhnki_tvsZGZ4Qt78RI,4194651
1Jd0mjSFEvrkPgilv2l7_fxo46SgK20Po,3668599
1Jb4JpL8U8mlp31DMB7lYrUdOU6QtWXlh,3547104
1JdX12ig5-OFNXjYSay1oJwMEDsldcZm7,3667550
1Jb47IxThpOHhOqSNXbBzBYpQDg7ELOzr,3374781
1JcqmpzwVBTXltgIjSXXP85tLqiX9BT7g,3659380
1J_MbORUwZ18HhBK5vfFPBriHOmggo_WY,3474888
1JaG8QbWWS2mh4IgZNF9rnLhOSscUcknD,3569390
1Jcd-CoqVaj9pXvDx1wXTpq9p5_NAPMJY,3639340
1JZzYeekvhhWfAQtkH7j-s9YS23cUzcYB,1826590
1JcBDizrEnhRzA4-neD5rRsKEnSConS3_,3616362
1JYuTByhTu6uhuXzxnsXgT87KmDQ-tOeD,2888819
1JcbRnWLRKDXoByeZzC_lzwHE3nu8SjNL,3615723
1JZxH1AcDTLtNg-BAqPPMkRX0gSL0T7_Z,4412870
1JYVIlBTuzv1Fp7i1HTmk1GRqkwL4JEak,4412865
1JYMpFVn-6xRBLCw4iOKyLFs2m341xEKr,677657
1JY29_VJKVG01cT2BrDGKidfDPlRumiLp,2459635
1JYpQTLnOIg8bFQDcnNjINolOzqc0lM44,2979835
1JY1x7IkX4322bxVCu6rXev1_Ftgo5YiZ,4238566
1JXFt9Jy7gO8LjRvqQPZZIvAFYaEcsvl7,4226993
1JWsKhem4-rgRpXmjATB_VeX1ByBCFGcH,4306945
1JX53W3TK10X0xrFAdTUxTdHQMcBYWt6I,4226073
1JWi-xpS1Inh8wKXQyZjkbtzjkRQ0KS5o,4300056
1JVQDO9M2wr9RjT3ZiSyThZf8uQQwhwNI,4298090
1JVcYytc3SvSUvvqw5BgPG6oq1YWlia_T,4298016
1JWSWoChhVfhtpfDSgGRGzQnaTVaLXcRC,4295852
1JV1HIWZNv4bPky62wNtXc36xu4ITo4Hv,4331790
1JVOJLVKo3bDaHhaaR73mZYVpJhFJ5z92,4331754
1JUjBBCk1GqE6QRuJqv2oM0Uy7FNJXwM5,4328363
1JU0xUtLt60s1UgX77JHMs6lRQaoeEzkz,4278856
1JU9Epgah3h95KM8vs_DnnPpp0wJvCK5_,4282546
1JTjLe8PYLkIm2UZ_CzS7EqAOKegWtl9d,4274226
1JTbeLmnzxds0t8iWBB9uVIULEaYeQ-rQ,4272414
1JTgIgWGNq6KkXvU0Mo7Jb23Le3fhQHwe,4397052
1JTSk5-91_NGk1Y5JshCwBMl5mKys1MaL,3968362
1JTTo0kikncUaYKsMUSjTKOt5u9vRSgMx,3948487
1JT_cXzLCcDLTtvHeJLCvZumXcamGBvKI,3800850
1JTP7lWu3YGcvCnxTVBAIGNMzQp-8he9Q,4061713
1JSve5FP6FzyUWsICYqQysZ4inMADqYkx,4054304
1JSp5xi1HvUwlqkvMyUvmtqZQUNCcTW8w,4135314
1JRbtHm4vvTRXHBw_JPcBfx2YOJkTQgNr,4019681
1JQaCIYQqAMt32FTHlOF-Fw1wV3u90S5d,4194255
1JPs9b0B2jKRTiIK5O6sAlNkx9Xvu66Be,4194254
1JPeeUP-LA9w1fyG3v9rGluj8CZmIW_jg,3548944
1JPeOMPany0blzlCD4WxF-e8Kb90X8KCf,3300128
1JPcc30D0prjiELAzfvOvPDsOpGifKmZu,3305365
