0,1
15gq7qSw5QrvUvOQQBUmQeiR1y01d--ow,3528744
16-fT4tN3TmsbyQHa4KqqWA0K6o9x0Yep,2820738
15XOs0d-Y4xNbx3oGqO2pE9S72tgmj2rC,3374699
15PxqNHjc52z3g8k83xXGjuGhx6oX_4l1,3787037
15DMxvgDwL8IHuNsz8RCpOrVqzDE9XCMN,4180413
15KoLAIG84FNv4YGpzCJPUyf3Z7PgSfaQ,4180401
159VPOwrCrJSjt1OSe7H1TisN4dyS9PID,4180399
153YqNdTTMmMCRiDydXvMj1rmrHxhmSI4,4180379
14s1ynnCS6ydG5HpBUvoEFImRoY5A4EdD,2531263
14odoun-ghJsDYT5_YCOdWtUsDFmm_cvW,3917365
14fxoiulTvLt2mzU49j8XdG2XudY-dxmL,3901170
14mSUgU6z8ZobYWUwqVg_60alhl78LUT8,4215878
14dWJkXifXsuJnt6Yp6woXq4SCkonBUfH,4193116
14Vl7bwSbCtOStCvk4BOPRGoaJTFUXEvo,4167943
14NMF-T0ssQkbt1FN2DdMov-R1xmiOB-g,1167249
13d1KlK8cBNrggmk3TD4wgKkcWxosn6d7,4287854
13rUF_5GB52v4TPIFJl7W2JEcJyP1DZhW,4062559
13ZoX2xJ4oA-_J9rc6uF5mmIcQQ8ntvGe,4181691
13OKz1aiZnT_jOTmLBxXAC_YmcG6C20fk,4021234
13K13_lRcb4hOY06cSEL04wkd4ozm1Zma,4315640
13DljF5MtVg7Y23Ud1Vigjp2uriB0GLJi,4320732
1313fezIGQw6JVFucqPRN6j_3D_YSJGZG,3364896
12r_7EQvd76WfyVrnThvGf4tIcM4U_owJ,4322389
12r5JiLs23eIXcOAqirmU02qQp94LwJ5U,4325348
12l9DEwNldb2N-kFGzI1P5qLb3ykkOcSs,4325347
12N7ePz9jwjofcjOFRTO3MZjQmi4aUe68,4329182
12_HAbp63lS5F7vd3yX5u0EAga02AP1gt,4328638
12Af6dgdZIsZnukCavQrsp2CFbEsW0O1q,3267770
128G5pgmL8t5ZCizowucExbw6BTDFc2Xx,4315641
11l6qEEasG6udSg6nm0afAvLx1duPY-1Y,852831
11feZlaMMBMtoqjoQQ-EfkBRllRF9tu5c,4332545
11WN6Fwhq6kCfIbhbzZGKaQVOv2mo1XDM,4019700
11SwTtEUthgGqglA9kbaa88r3A8vAJAFm,2941853
11LbUggti3rqwchyOsasbpUs7qsMABRO5,4335202
11JCypwqtz0lV5Ju7HbmWktAjIfjqR3AR,4335200
117cBjDnuPc-9tJv3yzjJSYS0fLNtk37a,4335197
11CZSkDuI6_QeSgI1qxnBRsJCpsJ-E156,4340921
116_IBGy-bLWw6hBSUbaGbTqsjYRW1ECw,4343717
10gz_TqQ07ckX6G0mSzelG-ohe5uZ8eNz,3694455
104A1IMfbBH9ktN6EAUiIeFgTaKzEEaT7,4351930
1001ypKquh7nlhq7GjpUQYLWiwwxvPG2v,4205336
1-xKTKx5gove23VRDUkiOH2yoITCvNm-W,4325800
1-gz9eEeAQ77NAldRxJ4U54_4K1Rx2Vjr,4328712
1-csOKVN3ce8zGDeCLFG1hHr3MWesdTHh,4356474
1-VGj90IT4iuL0TOaT6K-ZZByIgWLI2gl,4355654
1-KnOIvIQ2EMOy8FGifDY-Vj7AOfaWQw9,3491247
1-IHWGFGXnICOd4hy6rgfyNDWH4ydJaUQ,4289605
1-DAlZjHEyfZzvshP873eQy7SwEXK-A9-,4275842
1-AG-By_6w4Ruk5qYp9SVVPpUobRae8pH,4360836
1--NKkpuBHthYwg7LT8VtGq-xMzUWICpQ,4360835
1zwox3dOTBhcD6Tbsl7dZjYgQTsXPTuUt,4360239
1zsD0jYr9Tur1hCufaK5uB2LYJDfmyVzT,4227658
1zqj7WWDUZ9BVoTNukusYGnOiakTnAJS5,4369494
1zpGJP69jld18YQnSkG0W5ZVfh1kRGOtJ,4369492
1zkNjar0nUU20jsof6gvGj41-_ECA9TVS,4369491
1zXtA4v6F8CbgkFqXHxH5b1SMKJmFTpxM,4368345
1zQsmVt_zFsquXccr4VO0km6P_-S00Y0C,3946364
1zNu9z2T4LzufDvZ_MLxvnnKNmJHvcMvX,4305116
1zLTnDV-ZnGaLrYHwoh_AFNdXmRlZjAPd,4370682
1zG01RA9SXFA3u60Tp-BFRRo9gIK4Pq8I,4091750
1z-eySLjrjw6Rn4Mz33UW2yBfrqgB2H-M,4106830
1yff6Alc8EnB54EqnS-e7_0VMjr47H_QP,4372812
1yZjnzWZ7kWzKXnDpKC2Ln2fQtDqZl33i,4371711
1yJHGt_O8RGeQ2B_q-MVsVjpxYkULhslv,4363804
1yEBMo0QhFi7OpkTMEq0axjAbpDkEVdSW,4218222
1yArclhrv8dqyqxHi6OgMsBobQ91gAVP3,4376094
1y5BaUhnx9c9V43xDcQu4Xl1OlXQiwZsg,4375781
1xulFhTJegygsfyqO9v00-Nx6NwSjxfOJ,1607876
1xrzhBi1y79d9-YHZlHZo5ASJu-4iG8Y4,4051409
1xpIQNCJspCF-mvnPkus6Cu6HD0BTBA8C,4381575
1xcUm4EE4vUOfqwjvsv8a9MwAlGja3OMW,4382280
1xaNCNH0bipi82xXEd_vW2JP0KBVVm0SI,4382277
1xYdt8tHL_TURvzMZ38TDzKIEN53jvFuz,4330993
1xSl3iJgm40uTWonl7K6h46zdegNYwZy4,4383222
1xQaUHCSgovu3nATO-IMZDaT5OabJuias,4383119
1x1omSxLdCDAjRMr_0A_WbxyGepBU7Q3z,3933235
1xLCllWgej9nqgqr6qkPJ8kQFLgNHPcBD,4181690
1wyku9HAzOMhbFSzv_5BqxdCMyzPcdMTP,3809269
1wgwigpm0aNZdYB4GWyVFIXLAeiCXvVpE,4386300
1wZGu7vBymc3zy3FqeO2wpeeG1EmGWNA7,4374606
1wco8af9ldVOLAL54G4xMCNF7WFoTIwXZ,4388813
1w9MMIhi9EwfWsgBYgWdquAIBzAe6jbF6,4392236
1wOMghZ0FdJWPDUt2sqJq_iSM7Lqbfbjl,4195035
1w3UPtZKhnirgNafnW1tJl2u0mfPLPH20,3102608
1vvbvA7r0ywqL6gzOUxAtcNdpnF0d9a_8,4283477
1vaKSsgQpNLLH51tCsHvb6FrA4cYztLo8,4282495
1vk3g1lNFBymE-22XGx18eXL-4A0HOabh,4394045
1vNrRzUuNyGnyC8yFTsh-MJGh_XyJaRMS,4393986
1vJzw9QrqShShcn2Tq-c9-AonZBe_9VeY,4225132
1vIWhUQpBIwFsjRv5IrEJqGtRShrAYdTc,4179382
1vA5xxYG9y4PJiUCy-ePbR4CL_whtVgsP,4395757
1v4OGfqFnt6NTcqsoVSEkvZVeg0320igz,4395753
1v5R2UxHPTlBnWq7cIdoFSNK0-7qos2Jj,4396287
1umUbfDRzQyAA9zv54h1oWJpF_YI-cv4i,4332747
1uqfds2T2Sp74PbhK7BqfJAERHYCjrq_S,4398875
1u_eJl43r3kfCnYhx_JFuk6x3a7mu_O2W,4398873
1uTwqnBg7djQbATZoZSImYjxaQSkpx6ai,4398863
1uOH0kOyC1shh5qF0HDckrWGprPMeZ2MQ,4398068
1u2sZLcQd0jUf5DRxW3FUqPKUo4xzpDVB,3787035
1thhyesvd23fIAHWh_uM2bACLIF2ZdGPy,4381718
1teRtXHyRelyCsxYBCG5QtxDKIbRKU8c0,4402802
1tbYfWOEEPBncL7i8DJ3Tij6DE_EZBRua,4402800
1tPXFltcrL4wzf2qzLxwMNg4jJH0pVoBy,4404837
1tUC0pPemIRXOu0Y-gs8D03YH1eSznb9E,4355102
1tHzR7lX9eAQROq1flTDkYjmKDHEeRj75,4126788
1tFn6zGdzcAK_avNaHDjdAAznvEoq8PHZ,4405748
1tBVtC9IUEbg0uAlS1zjBDmGtQpHoylz2,4407213
1t3oywsguU9TovHYAwboiDnKfu8pDoX7r,4407008
1t0RnOcm6e33MT-TuwvHkiSVyM3z4UhZJ,4406827
1sUAGrk1yw9muZjkrDZbsWkFupo64qSXX,4406762
1suZsbk87_vmGbktgnT0OHQjo9FkjBuuH,4330350
1s6McYf7UTXlcLJc-f_OUStPhPmSCtD4v,2103924
1s0xynLs3mRl2uQOLFj-gmVBVA_8CnV64,699868
1rnKfQx4NwOGu3lZ4ZLxREkAYaCl6Nh2n,2845532
1rdyKlFMYbrM5PG9-PXaWFg_zEwF_DEWv,4411730
1rjAI0Q4JB8ccSAMNPgQ-o8pLm4JYNR93,4411727
1rbPUoRWKuWfM5BqWMs0eElCgrrX7yNgP,4411478
1rUVydb5AokMYb7uFmdnNd53rc_Dn9FP3,4411419
1rOexVRwcW79dlm7likpMGCCXLkc5ziPA,4410935
1r9VA3ZV84IHiwRivGZP_sh9CO5EXj_6o,4410934
1qqtoX7P6yo0MlBnTIA6bcp3DqeDGIL56,4398879
1qjZietSz5cEJ2Qx_UX5CkDID1tLFubU-,4393958
1qb-uiyAvIZVbRwKJWKDqU0CghPjB-hxn,4168045
1qRVFfu0-pjXf4bFbOcp-r0LmLCLwaOEH,3215441
1qWSSpybSX7hUDYYTagOHCN-0HvS1gTyr,4412863
1q4dU39dQPwCvtupQt2djPTSiougr7EhD,4412811
1q9m7DK9VI2SQfVut65yaR1iOX9bA_j_J,4412773
1pxMOJViUooE8tjCN3qAjSrYwoyGjYzq7,4412772
1ptXjfk0u3zdytnBlhVf7Sr0SoiirjCd6,4411981
1pjo2nE9opVcoXoX-eSfVmUGEXnobLjRS,4154848
1pSD0wPJFntrSmaB5nGm4jSnxBUZgOQmA,3532244
1pD_5Y_NFU1JZ692gVejPw3ataSyF3-xP,4414283
1p8WkIcGggkrSc7K5PqmhbzEux84KYIJh,4414247
1p3hy3o9p2es-1tjfBBtTXI4s6rviHV8-,4358972
1p3N-iMVZ56p6RzTRB2l1QTsyn7jJurpJ,3727840
1oqIiTnuDEWeBt5274xVZztY5QacILebY,4090177
1ojKr8Fpm_M5FJIDo1Ugy3C8JB85kIrZP,4128184
1oJDtm7IGuj1UOoSg-J9gltffsFH8-9Mo,3044255
1ocC1-gXLOZtNLWGMEnuRsn1Hu4TTA2Nt,4060380
1oAFG2Yt5ygq4AqGpGlJGtbd4w52Er_Zb,4416219
1nn74sJsSGiQmnd5aytc4aPcj282cLf7w,4415893
1nsRtQVMbBIIY2Nmfw6fYuMKY53X7SYXv,4415892
1n_6ZNdkd3liUB28cdloTKl07VOvpdwGN,4415765
1nQ5oTeGLpNFVIvAs6FQpAfQ9vc847HTJ,4415198
1nCeLNj53kjqITaVQfDi9zwkeG-IT8vIL,4414845
1my-1N5HV2KbtGNYW62bzPy1qLsHd5oNj,4327373
1n1a8OwIqjpgYdOnK2-JTlwgW_yzKOGo3,4318035
1mtM7vNcVl6xdre67LKg_jaXqvjT4owhz,4375729
1moXKLCAPRpwfFtTxHxVxxx8H0ingZyVQ,4194650
1mcTPnuCvhJLUWw2yAh6XhoFWIw6dnqXT,4160628
1mWZs2c_uXLAaU0MJsboFYWtzg8QHJczt,4113317
1mLHWYyUBpc7c4XspYDAOPDOjTIOUcbbR,4179076
1mOdFPVjoTR7-drlEddNk98UDusvjCZne,4178119
1mBzVisGnABJYFCqc0Q2H8iIRI5B_-k9F,3159668
1lwmhSEwVxbZUH1Dt-xuKzxV_ntlzr8kr,4417724
1loAJ74var2qIAFdT1uAPkiOhExlYy5Qt,4417702
1lfnynnSwZ_sjXtXelltOf6aB65-NNsfx,4417674
1lcnLRrI5h0B7rn9BUG8JlTyOyr91nFet,3529153
1lYMypaNryOzXq0WKGGue3F9PjF7Ip15v,4419045
1lOc-UhAMhqC9lJC9TZA0cW6rKqGS790f,4418068
1lMfxGdjAG_qxiJhuCZIH9UAqG4Bbj6x3,4418051
1l0mQvJSBuwzGHsUPtb2xEbVg4-B7oEbx,4328650
1klkVz3yNBR5FuxWLc2JplTzOnF_PnEQq,4227656
1ks4zZv-57VW1OPfkqerDi5wuXhKzYJie,683658
1kYsa-c5zw_IGp9x9O4Yr-WvbxmBd9Wwi,832849
1kiF2R1jZewWz1Ghs3tdIkud_gIJXiKNf,4420107
1kUAGkZZR6nkdxmQ4LCLXz7gnazjIU5Y0,4420092
1kHrKvN5BNfHHuGD8WTcN3eaxo2mhsqXy,4420091
1kTjDXMX1m49H8z9b__dGq404YqikqZtJ,4420090
1kAiUOyQ3g2r9c_OMnuEdob7eZwMwvNKd,4419835
1k1TEexXf_buVmDQYBXqqMjYqg4Sm2U1_,4419828
1jqnNyFiqFyvV6xssydkzrvw_TWoeVJhv,4393955
1jyeGqZsDd9Wx6Zq5T1PlaQG3NxAXjmyd,4355871
1jM_r3AvQgaOUlI1eVlJCb37L37ixYbk_,4422478
1j7sK-HrY-ILPjsus5JP4oixkWzujDQU4,4422362
1j0YNhKxEx98w203akLGDQNUESQmf-BwF,4421957
1iohUwuhUR-ahXzLWizXNlAazbNHzbi3Q,4421857
1iagX1QmCMaYgdE5QlZvpZ77FWqtKTnca,4420792
1igxYGrIOpNT_lqX93NnfNrLYEgpReT8n,4404838
1iG7m5ir4XN70fkK5GTpwBEkRvbeg7UZT,4372217
1i1YfUYF99Yb8QP-cUrN9hzGBBmbdkMcu,4423713
1hdFWqVjyc0ebC4UqeVz7D_KuIUpNZCjx,4422804
1hyxua9lC6wU9_i-QQj1GjkkTaBXFQgvl,4422796
1hZGnSKq5ZygWOSN1a2Sdp6fS1pX5l1Ef,4422793
1hGwc98fc7_CA45Ovu9bW__iC1bBXHXbF,1227304
1hJaSrYp93bWzNnHN2fIYZzcPfhjFGmyk,3996253
1hDDN8CZ0e0bokhWuYrL8bXCloOvJZF6u,4425507
1hFjW_q6rAty6fdobHnHuKlJ-BnNmu5AF,4425505
1h7MxPSg0Ets-Z1RKBx76AgzVAZKQGWQU,4425503
1h-U8YvqP_ojtMxMHc_rhdYcXF8XDw1A7,4425501
1h1XAeHEtXX7yPoSn6mdB855Nk5E6l2r8,4425411
1gr3MUAT9OZ20LSQlTmMCN4UnScAXPQXZ,4425324
1gx9bNivENirrEHgKjtAXN_lb_MADh9nW,4425230
1gfUfpsk6Mfl3kNZoNWPyou1ix2Hvp9Sz,4425154
1gTtXohi-Ia5aDsWb3wT3qFI0HPo6OJIX,4424926
1gEGqRAZIW8dgARJTAqQVElV7n7vvrglZ,4424853
1gJPgrDzzY7lTYuV2Ae6lnJhHDgb-lCbT,4424332
1gCQvs46avSp7rSC_5yy5eT-DSkKEWABU,4424280
1g5k3rm9iGnb1b1bUBg43QyyjgiNodrBb,4424272
1fruj2YVfD7Q4Y9ZB67spqwyYWzwrVAix,4421961
1fSC_zaZi2qCuJm2Ke7216j-oUACHiYsL,4405822
1faC1P_2gtvAeLXGS0ap1IOmBaL1-i73k,4405821
1fMvZeA32pCkF3Ob3eD--F0SNfsio-Yw9,4090949
1fFAT_4hFMHB36erV0q77y1ZPKlNE0a5G,3166386
1fJ1_-lo-2BsNyYh5Ybj0cRc2D4OwfHna,3111261
1f3ebJhhOmW8LTuk3ptiDGeVwcwfanwa3,2033286
1ezyIAi4rhADneHAc_s_Np-UPKb5UGodk,1617061
1exTfQ2Myp8SXc09UXsH_x1XiODmEtZiQ,2331778
1ejrehs72NSlnFTPYcsjMCn7WULC_sCeS,569608
1erNGo1VXWDhOW8LBxMlTsYvtsPMRnvA1,1620184
1ej7Tp4l2vbFWFlR44KA0Zcdx_lGevJZy,4014033
1efr1zq1ImIAybm5masrRXjsM9G5crRVm,4013983
1e9hmb06nRmP4RmT_5EXwq5EaGAGqks8d,3511816
1dymz5SVlGhDPKfWssFgf1goZoRxkb2hQ,4426761
1e2qMpS7wJesQMqF6BJHJGJeir_kGQ7RM,4426719
1duOka9vllYakwasFscRsH71sVbEAvSij,4426718
1dmlEEUf7dDX47FLExdG-Sh7hfzvbPBLL,4425612
1djp_n6_YZOvHp1S5e4Tb777gVnl1s8pm,4425531
1df3u83xA50Ayh1HjD5OYz27sYICkFGrO,4425511
1dbslkC4jEv5fTSws82w78iV-m8_NPoiw,4261696
1dXfU8_15o17tvGpfisiFIakYpBoYSgf-,4328639
1dJGPbAWcnqWNNhv0gBKt-_UhmsHvCFn5,4350365
1dPQn8PDImGWGeScWnT8SF7O6KzfWzAI2,3763793
1czcSKve270VYzeRH3tAIVsA71C-gaXxz,4046396
1ce1PqA6CPLp89DV1G3YEHywjuX4mZUOc,4154846
1c_44dLsn1kVsMv0nBEczSyFv5KJUDAAi,4154343
1cLPp9ikRRsk-zcEdIJ2uMrjHnQomjFad,4088451
1cJfLF8THLB5Di3fxj50XChy9oIkR8ms-,2539400
1cFc1KrFEWiYTcttKY8G1ztzndfzxNd8F,652640
1c5u0JT-_u4FnM83YscjHo1TYL6rtuZw6,3105495
1cAw-ADgFlSRnSXDKhGlVIMF9A5BASEfl,3105493
1bvEXibU3CK3m1grr0ShT0v2Qsen40dze,2903202
1c5Z6adDNdyn93oc0HQgFFdsQ4JqEBDO0,2903201
1bj87NOjPFr5UDrCS_EBCGrJMw5YX64IK,523466
1bpuvDs2wODgLha5t7f5TS8PmDgopry9l,4428334
1bby38GqWed4GHCsOsEd6bkvweRWntrQg,4428004
1bSLeXhsUHy4728a4r9QzZqc5dBlnN0FZ,4427173
1bZxt-NJfhOSb6bbQNq5KUzFIHvuxGrA_,4427169
1bAcA_WgMPnyCOmrBgTIF49jHSJEDDyv2,2256429
1bDnkUsbeqyS7zQyo1YZjcToVehcBZZoZ,684890
1bJwlOuks-VzDYur3-D0z3veHdoPTZCh9,745981
1ataWf679DAJmKRwyZfc6NorOwhXLHyt7,3823495
1b2wHtPvL9KcMCugSRuTlsC1fJzPAiDMo,4430023
1albTOY0-CqEUtQTgJYsW5z6JbjBMvKe1,4430022
1arckitYUrbYNFvb4-bW6c7SWYbSbnAU0,4429995
1alJtBlx2a3GKfIVB3gAkbgO2gNH7aljf,4429994
1afEPtisikeN_wWq1he3gkA2Rbgzoqshk,4429993
1aZanPJA9W8CmqBwkT5wwWLG-jcm6lIJh,4429796
1aNZ0aXNbYoETwLocL6gXL3RO-LLFHmOE,4429763
1aB1MV_kOCIBvg3IGIzfwufNCeULh9Ij1,4429762
1aFj68q3bZcn4dnf69CMwm-VQGJvlfCoX,4429760
1_wUxAb2ayXRBzvkjA5mMfzbv-VcCoP-V,4429753
1a0Ys2zW0k9Rv2EV9USoyuLSAgpTSxNeV,4429727
1_pRJ2qDsssQBQb7dUrp5UmLH2JeGV2pq,4429722
1_fzOYBdwXwcvq4jGpNrMwY6HEqdCKQUZ,4429718
1_lzi6bkW6RxEyRJJtiMuJvtkYcFywdRC,4431527
1_d54ti6DfXb80KOx-fp2WJ2kwEulAQ9A,4430919
1_Q0lJGv35Mp9aLv5HOEQgQ9NPjlexGNE,3951108
1_TzdRxn3nBPOIEQx_KP_UNmiC4OIhcF4,4012656
1_ICr_2otTuWNsE1H-VfkfEyxdTI6jlka,3492015
1ZinTywj7TDfbZFSYwdfoyarNFLnRFUmM,4432633
1ZgsfQ6yrVG6qK7U-46fSH9G9XV3jDZv3,4432632
1Ze8oteoYG0frC7yj8Zt3dRnV8QJm7gH9,4432631
1ZbPQwAaKaL_RG814sMBQBK0XausHryG7,4432629
1ZXvGtkp7KR000wJdumOMRye7nqNTQzRw,4432628
1ZMjzWMjmFajQjnSrGzWyQ6jF6kYW0NOe,4432623
1ZI061bkj2IZPpWqmNEqfRjQrBRdDhBe8,4432622
1ZEidiPb-CaI2zq69dtU5YTxjdPsZy19z,4432620
1ZABmnyCaicOcGdxmFkUeoAEyHMxc8GsE,4432619
1Z3KGAX19wKU5Zu3Hma6RmOaqNX-m69wm,4432544
1YZCrquHQ7650qIBnp49pTgTMm09JI9mx,4432542
1Ylf8tTgaiqzeOkmjlftbThZO0EJQrz8W,4432439
1Yn5YPu6CPATFcvsKaCAEd6-dVJxmz0gV,4432345
1Y3jfQ4X80t-LmAXnR5Cj6hh9TF3t8Dwz,4432281
1Y7yqt2_RDRK6LwgY0-MfO17mjGAlLhnw,4432022
1XvqGdsnoMcBWV1XnbOnI7-pLa1M6T1SJ,4432021
1XktzHAbhQWdhq8ETyzFaJITbpRRaSwRu,4431897
1XPoUXcJ8gm203RrWmtw0jsZ0DPb-PJxj,3364830
1XYsG9UhJQ4nL-TV5V7fsy5UHCKwGh9BO,3397985
1XHwpOI-R3r9_Bhrz3cC006_BOmWsdC-X,4433898
1X9fRgo-H0tN3eYs0IZrFEOO7l1myk5a3,4433897
1X03xTOC9lMUJlfqPWFtRE5OSrAcjoQ0A,4433697
1WpEZTmrB5M8-F0xR56nOk_C5Nl7_RmQG,4433673
1Wj7tqUmjuZXKu3e1gAUdMd__wb9ePJWu,4433062
1WgAJ5X7v3cF4nutABIA-WaXBkQOy00rX,4432818
1WNpMF9FRzz7DDWT1DARdfoXoujJ7yxCB,4432754
1WJvA_mVmbKx-_swoXoB6fjGXD_kmR7Vw,4247280
1W8f0mBSHL_tXBoz0yb7wgwtBSrxH9pXH,4436036
1VrExKCKWzTXP5x3LAT5qcskrDFqtU64w,4414844
1VivTwkCG7N96DdvddJ-ogS6HDp746heh,1575305
1VX9q74U4sjr1FvlE_gFkv3NTZa1Jt3ra,1517415
1VS_FJh4fcXR6koeM_7yRxO1u4L2aOXMf,3538002
1VKZwPOr1zg6s_tw8oq0UMYm-mmEk4RIR,3537999
1VFySoPMASUpw322-zmRUiJSbLdP9C_NS,3530749
1VE2T4kSUgMvej14K5ggkNLSa0zYc_Vft,3522304
1UwqByIHsc3vSCnKVdfjlrHHxstZ7EDp-,4436889
1UkRJOUkLdrPuXUetHpuDqiJv4QUSVohN,4436867
1UrWlqQoCtSgCyqYugOKD236RNmHcFXCS,4436863
1UMm3d2wzjjp4hCmcYFVUs6CQxfwnUJNu,4436862
1UVLICIGdkHni3G4Gsd3fvTzcfZ0rQRLg,4436816
1UB70T_pJHHkXqZhHuvmWmtrN9TKGl3xj,4436791
1UL-4cpcyksz-ksKyTSt7COoD8v6G0-c6,4436790
1TngJSqvjc2f-dbuiJiE3hpsUoX-Tcx_7,4436789
1TyFpqycCkK4UxoECaXA6PkLMEEDwX2en,4436771
1TbAuJyubifQ12-40JJk1rNimEff7OYlu,4436769
1TRH50lDqg0b_iwH9LS9UNs_a0GpyZbiT,4436766
1TJ76xXjFTUj6gHcOuU2bwzUzjxe11wXY,3703397
1TBZz-D8q8uoGHE87eERZVZovoQjUn1cf,4113852
1Sw3_27q7XwRIaIXLB2LB8fJbGH7EetRl,660533
1Suy0WZVBhHs4mS6AR0vPNKBpKc4h3kAR,643875
1SmgCSob_5OamDNAhsk_x_v8rh4wvrgb3,1282494
1ShtrdCNU-3eGUSklv8lDnlAe5iwcnNAB,2795970
1ShX12T78tOuYdN5HgCtnSeSk0NPadm3x,4440108
1SLM6UOW4KnU-faTkFRX2I4cQEBaZgh4_,4440107
1STOuUPAC8ajGVEsFP3AFTz7BAvcr7FsI,4440106
1RzofE5IEueHAAtUdad0W7uCY2KD3NOfP,4440103
1S4WyGIdvET_9nEBT8POJAu7VRkFhl1jY,4440102
1Rx5RJazeFM8ANS1nGDA5kGbaLejj571A,4439384
1RllBGY5GJSBDHOwctxV4Vod_nNVbOz6N,4439382
1Rw2SU4IQvwD947vbVfAn2O0NDS4HxVOZ,4438944
1RdWBhZfwMA8fDkpZEGQ1aLgpAO-m9buh,4438941
1RbGTHR5Ipzj4JbMf-m66dUCXovhobdJs,4438937
1RKah_i_dF90d80mzKcnAVkURLII8xv2h,4437249
1RVX52Zr8NR-hQutxRhuCuXuDRSOyTLCg,4437084
1R6qWOhI5Hy-YytrAUSLjz-prUBQQiohC,4412756
1RDLsWLM3JCPSIsioZYm9N_2Esw2X8vcx,4368766
1R3LJXmo7iPMgpUH0te9dauajoR9_mPLn,3667746
1R4j7N9fIxsAolrAa3nM_jw0IgHSIznAo,4086807
1Qi65T-dabzzr4-fF_ND_zqynWvYDO5Ua,487230
1Q_PsKoxmkWFT2Gqk23Gvjm3GkS3hJkGD,487208
1QO1YFzPSZxdqHhxzfaplEfGv_DqB9ajI,3845005
1QSYrOuxdgT9WbrioPKQtZC209n9lPFNr,3598422
1QIyNuLn3WfMEHPH0LhaBqQBq7t1Q7Ijb,3590975
1Plso91WQPPjQQWud5V9lrP4pXiRbpQCt,4440643
1Q7Veqoy21M-kQJ9EGw-cHifYdhIMCfjC,4440143
1P5coGigwogmkMTexN3zsin7KPV8wdbMt,4427859
1PeNjZUojCjzJy_PikNUOuHoXNYpHN-Nx,4425168
1P0onXOiGVCPu7rgqfIJPdzwqDlZp84eK,4425164
1OnQR3egHi0E7GNwy1T_gvCgzLJUVdA8V,4425151
1Ofju1UAvWpN7sEAIomtamanBzbEfBFBu,4422357
1OYGYK-uwqDh4_naLiYynOYNoekLEwERI,4239885
1OSkSiWu4V49yPWnFSsD9evkRGTuRrn0w,4417747
1OHmN24gSiqlT_j49XxJKP-60T5IJLGbR,4412823
1OFpFoR4sIEe1YpRUCODLpiyL6u2KhRg9,4412761
1O6OZUVef04LGnlTzHVmRGufAs27UFBwx,4410876
1NygcaQ0HBnD3b59kdDbnbGFR9xyi8qvH,4397032
1O3Zgw6vCXVTnXbea5Vxbg32ONpxu_NRm,4317821
1NpjsavTUh_ddUhhCbz9w9lrQnRq3LyiG,4311091
1NY-IXQTT4EQ9a9irvFXaatSQTCfI7JqJ,4306742
1NBrVq3QwBJw_fFGij2VB88036orzYEiQ,3743905
1NPqWHNcKYEic2XomvLdy8GX3xvMRWkIi,4078065
1N8jwUz7zB_JgmFbGQU6QE6ZX1kCZfTWM,3354204
1N77huig-vSQowhFDf8_Y6rXYd_ar-_wj,648154
1N-7cLw-vdILIFizHLH0v9fHB2PN5GqaK,4443039
1N5y91lxZw-FBDnySKgOZzFNxybFs4_cL,4443019
1Mw3wxqKkOMQcDpxDOWxXo24cBJIm8nzm,4442950
1Mvr_g_wWycKB1vhnd0gy1cdRk-OpcQNT,4442925
1MnCgzzkQfXSls_nW_ldnINd6pN3aZ0cS,4442924
1MqMdr-etFhq0OT4i8jcsrroZlDU_ayul,4442890
1Mk3DGcSeBT8MGAUS1DH7cqYjVrbd3Nqf,4442889
1McPX8hfd7Sr73FY1pJ5KK1QDfg4EEiMC,4442863
1MLSbuGsS6A1F_RlYSA-WcyzC2Sx36wRq,4416997
1MUs_vxHcPdaSeXqnMGPDO6wKSR13VZC9,2066124
1MH7cjLgG-7ARTKzq0ZrXXaZAR6Th0WQ1,4444846
1M1ia928fafnnz7cZN1KPzsu9sKLQnh56,4444843
1L_Plx--d8fBSoQsuMG6xE-oqbRDCyide,4444842
1LXZY6-K0O-pwjvZtuoGN1S-zXDYVdXZG,4444838
1L8kDud-oyilMmBYhp6i3fIBrv2VqMD2U,4445524
1LAkd2KxbjCiG9doruPOoI7mvl7giIZTi,4445523
1L3gTXjWwQTCqGGOBUj4jJRuoRbaYfCSU,4386302
1KudyCA8v24Vi6E4P8yi8YwKEHcRPv1jM,4448575
1Kq3LyCJjwZnDgGosSC8XkEOaWet-XCiH,4448047
1KmvLcyPaF0ZOlsos1h9WxRFHrK7nuroB,4447628
1KeA4-JEREkQfXLyjKD0aFU-ng0tDkZ_Y,4447627
1KOex5rfaktFSRRq1pNvb7D_kcnGsauNM,4447625
1KGZVTx9VPwnP8wRXTUxFH8MKaIKIV-bZ,4447622
1JoLr3QmUeTzHHjLpxb31DIVdKJ1GG_D4,4447621
1K7Euz2pcw0xf-exTq1-fSMGjyguFMjOC,4447619
1JbP5LKFTPVpfqloKWsjl6iZk0rcnHvK5,4447618
1JThddbyFumOHKMdTQe_M3VKjPrUEyBX1,4447366
1J6ImIWek26bSL6XJojAz_QhlnQA2N9Bq,4447290
1JPnxrODEM1QZljjChgArWLMSegvuBTe0,3544517
1J32dmZn4C1vosWiUM-b8TjVTwxjm1SqS,3583730
1Iph0aPWbS_nQxmQidf8NXnilqlCuafXx,4294422
1IPm6wKJ8Z1tTcMMDjzp_PT-0hD9jHv5I,4431898
1HuUr4mZL2uLbeEBkJrCBEK7sdlbv10-3,4427062
1I61QrSulqrT0k9I4u-rnoM4wT2LM0ohz,4426953
1HqE-ZG6NMZ7mqZVzVUx-R0aUQwdAl88N,4426952
1H_bERIo8sM16vKYDPmvrTLyOGYgYNpaY,4425530
1HCoRhskX1wt0-YWIFc3HSWM78ILRzWSb,4425438
1HSyx0z0exLYN4yPSIz9FXad2Q5lLYAlA,4425278
1H7pc3svuxE7Cj17uJMicIWh6Kxb_heF2,4425266
1GzZK3ujzx41957awzLCRb49h-qF5AawJ,4425232
1H0_oqe23kkX7otVK11tte9HqCSV5u6jM,4425200
1GpsJgwouYmfBh3jd9isLvAAn6ZcdwH3B,4425198
1GiCWrA5F8HT6C4MgKe5eaN4boYpsijtO,4425193
1GmcCVojLzWcAY6TgUQm4VAyCeKewvMkz,4425161
1GKHSH3Nh30zdzMehv3EjYG15eoFQMdxA,4425157
1GOLlNcRre3wJ19qo3ySRu2AtSwbcAl0D,4272159
1G4tZyI439bBouuQ5AOPde6I2UDE3Uwps,4412880
1G0C8z05zrlyRwn8v1OVlcSBPTPfBmrM9,4412878
1Fv0QaEjeiSGWbXL-pyM4xTMnyuqBCaSb,4051458
1Fn3VtP0aJz0f14zgiRT74fnS7OZBfodN,4154681
1Fjy-BDnw4OyFSv76WsbaccZWr3wov90b,4069936
1FMNPOV2MJX-VcKxCtHmy34C9c8MMFYI1,4180179
1F_OsiAK0Nl9vbQS32crxpgiJdOFzpTe_,3132172
1FKdWg6eC41Ew8ynxC8_OTQ_69Yq9Q1yp,1617101
1F7aKWMQDJ_cgVJpfBozHIeS6oLQYIVNa,1647853
1EypzlZpndQR7n8YXHTYE32xbni3ukyCn,2843249
1Eqk0gVIbcoFc3NwX0-B1lhdLMdLkkD-1,1480286
1EnkvuvSq-RxQoQF-6hb6jusfUB3KPZ-n,1480217
1EiiZc5HZSbd1f0vXb8ZFqQ-jenYJImT7,1426506
1Ed28kOrt2QmVqCbhf6Z8sow9Z-KjSmyZ,1426210
1EO7LJHWiZYi-nMoPGpI756iGqXeABuFO,1426167
1EJEovmtfx3rP7kAUXIKCMEaW2PZhn2It,1390491
1EG8E0qZ4SzNXUBdSC8WHAbzuvYnmOkl6,1390303
1EE6ANOQFas969HAIcCQ5E2x3E3nxeq3E,4272510
1E1Kd__JgBhrZRyXbhYrivtFDrEkMQIwB,4449803
1E6864J7uRHf9H4HSUbyKO4LSu4pEO2PE,4449802
1DnH-9iV0wpLcE_A9m68U9c9T4NNy6blS,4449520
1DiyKSTRXGbouwjwoOkY2MdjIywvgwLWT,4449518
1DO8ip9k2i_pzsAZiKLhNaNrd1Ugmataa,4449516
1Df9azoVpB3IphV3K470AAh8hyFtbiunr,4449515
1DHuY5S04thK5Ao0CY0YaPyOKE_qWoImb,4449456
1CwX2LzEqoVJBWGcneO7XtxaAmOHNirWD,4449382
1Cv-zRVeQfoFr1wVp9DGYmLu0azNOg2YW,4449323
1Cd2_SCt7QN23qzGwML4CHEpee784WHrK,4449032
1C_UUn87d6TbB8j8csW9chx01rQhv53g7,4448978
1CNB7Aa64JHYREj0yCLqgb9L6efQvgCRV,3873139
1CCBTUL8Yin0QIkZHULHDvUOuvqDUwmPH,3870091
1C9o9xffn5QwUiihgy-C5-4XwGaqwCPY3,3859664
1C76yIzN2G4_UtilZ03nB9h81IJ80DOYp,3948992
1C1c2GCivkPBr78CD8_lMCse8sTpjlScr,3946362
1BvDQSa0ZPwr8TAxcx9Ylec_QpuidzzQ8,3946291
1Boq_WR2fPg6L0dC_N-gRMjErehmvkBee,4007650
1BPQfqIm6uMBjsog79MEknLJR-t2kIs5F,4004258
1BZeb4zCbOPu9aDpPMQH-CEUz2GDzxft6,4002158
1B9Z70sfmQ33B87BTtUt7e3J6ceaa-0b7,4000322
1B1uIvhHS9vrVpee_GL5KhfH1xWv9AQT5,3992688
1Arb7sNbbhpudwf5Sqtel7dVmOTRtwMqx,3886489
1B-A0tL9McC1GtvTM0Fx0O-K2WNu8NIDG,3883220
1AqxCRKSnsnyI0gjadpG-WRsbM7IH2T7n,3880764
1AcB4qz2veRIK1m1iT0M4-UVbiaMAQDmb,3880762
1AX_RFuzaayR0Juf1Z1ovU80YM06VbAXp,3877585
1ATJ1bky-JqiVjX3qoCOz8wX6eHl9F42h,3986466
1ANEPO7A_Q_-IGKJY0OOn9HYTTAb-6s-j,3986264
1ARyl7ucFi5N_wXnY_Wn3KKEX387cjrhr,3984343
1AEo82fjIx-BZZ1iodUNyhKK0XJoFGi1v,3972334
1A6tynkZCLIbDKOBD7AAnM8uNH0R_HMAl,3968207
1AAidNfJ_Atq5HAmYh3SPgW5oPOA3kY7r,3968169
1A3SQuUNFpHUwZBnbYfo-q3D3zO9aZiGI,3825231
19y-OVbsHmYwW2nK84TI12nVeinev0pg8,4019720
1A1Xrj4V-fcyHiB8eAVZkqlHxSGV6_RwW,4019671
19jOzqjM7YOgQiXbR28Sh-lj32ZBifgmn,4019665
19W4guIpE92nDD1NWfnKS5o_IKgeoKXJH,4018694
19LOmVXqaq7O-sCwjlc1gWroi4M_bSL49,4014039
19TAgnMzL7r7K28W9Ozef-yId4r3piDV9,4013982
19JhND9TeO3DNMmfOQd9W8xhX0-X-etUJ,4012562
19Isb9I1wYlfw5iZhWztWfY9APcTTxqI_,4012561
18vKnLmaWwoEcDK068VHxrMpguYCW8MJS,3912078
19EuUzCr0s0asaKCe6bJlZCi10O6Ur2OY,3910717
18u3risjqwe5VMpjuH4HYSoFMVWfibszR,3845970
18iT-Jrpbh3HzQ3E0UJKK5V1SAZjUDO1N,3555147
18f0214mEoZqbe2KYmvbKPzobMCrKhbU_,3551113
18YGM6PDQzgH9wXTCAj5zlEM7exFvHktL,3549127
18Qqpqnd6TRMCSOvpktzOsev1MG7hTUHn,3548629
17y53x8g6s3ebiBMRvhiLJq_Z1SayOMvl,3548443
18672fie8dpd5ewg3JoeGmlTkcNagPItk,3548047
17hmtBxZSrcYM_D6Y9ucfaQeCg7gzGprN,3547104
17lF4YhSU4tIobD8pXl8C1lH3bW9B8IgX,3543981
17dDr702vTUPNor-I0rHhYFoVZqiYm6KK,3539364
17PXBKVU3S4qu8FyGBsq-ZxuksqF2N5Fl,3537980
17_1wItdS3pzCYFpPoSvTILtLuzD_uvcZ,3533278
17OKfInKxpzQr_OWBgXt2rMSP_LMRLeVa,3435402
17NoUaUkuoaWlpNcW0PbI_de-hyueDb09,3591020
17JplWl45gjPUObyWCYu2tLECAZrZFYQV,3590830
17A5Tx99RlzuGmAURTCvycmf01_paPoZV,3584511
16yvslVunN1ttKmLehTmhrNRrunsw4MAA,3531456
16ryck1NlgNJlemUg_sQ3ZhIMEzZ9xgMP,3530407
16tzz2tTwLNezf9M0IpoZKFGTkV3fk8JA,3524972
16Uy0cGpqrgTCW5SpPvsAVlHEGtFEWeEU,3474888
16hWfppx48rHKBhkL2-XHNXSkj1l0k9E9,3471635
16LpTRc85mHrSSJdUsGH7j_KVaGsmsVXS,3420100
164Z1w8VDctAz1M346z2hXL9rhV8eVmt7,3416181
15noccVC93kBGnCK-wO8FtdmTwY6XJiDE,3415344
15W6xPISsDu8C-C3EbNRjbH5QUNvZSKnc,3403873
15NehzxamwEw1NfqGP877siYw_5ygymK6,3403592
15LMYFh94h3_txyveU6AKGs6EeNhKJic8,3397865
15FPEKjgAAYICNpZSTVP6BKKNP1WChCYc,3397598
156T7iK1nxc2Ofw4SNWQ4AbK8HgZs_0pt,3397550
15Aa7VIlzNPUc2zJwNxtIUMk67SErW_sc,3391279
14XoHA7EfZyjde-35E2yVXLVs9WZzF0gV,3215399
14U3cPc4RA-J-EIXTncfD6bwcQCAYOSAi,3215322
14Q4Ktpu0R6D9mqzws_Xi5KgTpYb2F6es,3196118
14FfXtujdG-VaxvR7xfzKZ5A2LWteY0MB,3195794
146qZbffU2KKvYin4oEYn4k-Q7xBEZw33,3069305
14241a_3frqxWVA9Ktx3d9QtsC8vZdreK,3069181
13rMzDh7s8KXX7-UsmJmDGSIMxq5IloM7,4304440
13gEZY1sfx_BxRVARHxJe4X1qgck8F6L-,4300698
13_uwnQyWhoBYXMPeDRKsa_jeMvkgHbNJ,4300214
13Sa-PCTo_qURGim3O6xM3iWL9gBCVDcB,4300213
13Q0gwoC0G9MRseTwVoem-adnlmVcjOdC,4300210
13LE3zzLMgBe1pXmHV-fURPOn7-BeN-zP,4300059
13EGNxR5_2MAyJCGCo4HNpToXJsYP3_Mb,4300017
13GQHWpO_WFBnl1cYLfH7wqbvJvKftAjm,4298359
138G2yYIQOpFTp61KcEY7mvheSVwadyL7,4298322
130mYyqkYbgjqZHmCagwDkmsqpHbEQBcz,4298093
12qEqju05OIuFve0jFspaNa35Q8NQAnab,4297925
12jkuA6ytsclB09UzAIdUZlItbovQ72eJ,4297449
12bWPS2XNm3H-zURFy4lqZRch6u0bJB4Q,4297447
12YqVhdQjR_qhvFB8H_9K1UBJgolMuHja,4297440
12OzduDP7h9kl9VJbX6Q5hsaD5SykdB1j,4297064
12AWtwnrR7Go0QvPfE7X20Eh1krsh1xOf,4296920
128Uf1WMnkqo4fnJ8ISA3MbuEEogCjArB,4296315
11zLewo9RUi6DLdWjXXKfcXJrgtBvGfme,4295860
11lwxhAk78_Kp6ILRNHbL0o4b2pslqrxJ,4295856
11WanUTHlyS0Sy9KBwkIjm_cV42WOoY2V,4295854
11V8MEnIYPY9GUOSsiZeLwEJSCLUAua_W,4295009
11M-9tJ8-fWLF4lWl68wVL9P3mqDz0zyI,4294424
10tPF0u0pVrvsgm5XbX6AZMENphd33Qqs,4294362
119FsWVyq81NG20QHhCgql0YxIUIwinis,4294148
10gO0hBOz6gtyCZSxNwBI877ntvAED5HO,4294088
10PwniuZGnMz6NnXkgP0dyv9xZSIUi4xx,4293953
104APaCNJtLZqIcPOzM0ucm50kZa22oAA,4293947
10HUpa9t_E3bP_rn_-Qoib-v3AcIot6RK,4293139
102PL-gKbQhwXeIncPew3sH9V0rqsVpry,4291325
1-vRfrf6LIt7vU-fAwUp3EDjPNb7fddi7,4291177
1-mahICayi1BpPb448ks32UtVg56gpdl6,4289957
1-g_UQ-mzpphtNqBuy37Vaevn2tboB7oT,4289249
1-UjoZyZEiHlbOMibwkbkzd1YDAxEhG7x,4288193
1-GfW04Rpof6ugyO92UmRlo8gWBGDwd9y,4288051
1-AIUC8RmTVZ9Vqe9AtS6KVyjXWOyIx73,4288013
1-60l8t4D6VpIgP93thfnG35D8XtLXyE5,4287921
1zzrswE1Cqd3XYz62gChsdc6r2UwO4jQo,4286298
1zyROwsqHY1rSEfIUvE88xj0J6PsYuG17,4286162
1zyv6I7no61UBiwp0PeaxWb6wJJ9XjN_D,4286161
1zyDnpR4wNsQCqzhT9keTXcjKkjqMzi61,4284263
1zxtb7UhgEdRpQp4PdYxas0Snst1MjT1Z,4284154
1zxiJJ6lcglH0SgbDf3-6KGTBOQo3ONL9,4283317
1zxS-kWfJwGsihpQD5Rw-0jt1AvI8CCpk,4282684
1zxHntOLLRwAnNyjznRyas7yZSSma8dyH,4282574
1zwyr-CGfNvpcUMR-3G7au3efQwfkbXtt,4282550
1zwQxv0ufJIEQlMplcnoRmbfUQ3KycHr0,4282539
1zvOyMmro3wO0_91uH1H75y-kFjLacJ6y,4282526
1zupyOFKOY2yZWl65BxT0I4UXolgefCw3,4282520
1zujbbjVuvmCAbCKgEZoy2eTHi4bIWAeJ,4281310
1ztsBAGk6RyjzlNXUG52QX4dp70WC_QT9,4281306
1ztLwmrkGXixDiY7wUb5dJHIrNLs3zRZT,4281301
1zsu3CqGEmOrIg3_4voO1YUYaRLcF9ibH,4258344
1zsJZ0YFK-bTr-7M4r01hIAk5pJgTxGgZ,4258118
1zqh7SKe3P1set8vFqMWNMtZR-gleMPLO,4258111
1zpuEoTo5UkqRmmleqg8gMmJC1ceoffWZ,4256949
1zpfd7AQvxayAKiRaIT4S19dyyiIeet7a,4256948
1zoazEXW-EyhA4kYPcLBnBh0sRcbuyfy5,4256947
1zp34G4IVbRWAkfRD-M13vb0ighieif4w,4256748
1zoFkdmYmZwloDRkx1mF7YTOLk8qbAtYK,4256745
1znT5k_nnuxm-kQR48eLTr-xx1WkcG6xQ,4256435
1znz6QWv6-a7Omx5Ra0NT85H8esCz0iwy,4252010
1zmYzWTm8Sd0dZ8TN5extmmWGz5iLVovI,4251352
1zkyhpIqLHNzNzhJ8hyQIVWOAek3Y4z_M,4247920
1zkNOawox8s2rO-ZWjiw3ZsoP5CYd8oR7,4247271
1zjgnF62t6i1l00YrgldP_1XbXYD-sv-E,4247161
1zj0iOuI6uGs6grw3NBZfwoRXBeH8Xf3R,4246377
1zgk7DyJn9PTjhO4SWHilmW6U4nze7f0C,4239905
1zeth2RNLmtkuKhmMJlRLLOKMtFnpufJv,4238073
1zfhbmwujt1A78jWX9UNJDAX27pJxgyg3,4237981
1zdE2G9Kvgx4krRTTw4bpRKC7LHN8f7un,4280727
1zcxvDUhZKeYUpuNdZtN9s3L3Q5JvHR9X,4280708
1zcoHLsV8gFaskKMhZZjK2o241k7ckngD,4280493
1zbmE1jyXa7QFExbAOsLajeF1BpBqtEAH,4280492
1zb7bsgFIJ1DWoPQc3nBMJUVbCHrD76vP,4280458
1zaNvSr5khx_scJgBgQO8V20G78pI4sGl,4280426
1zaF8sIkdeOckXbczu1pDsxF9dldic26v,4278000
1z_YJhI6i8Uygs3fWBZLJgixc_H9pBvAI,4277996
1zZ_GniaY3iergJT9RRcBDMRYkdYDlPMY,4275906
1zYZjfT89ujW2pUWAN9oJhx6F5BqBo79-,4275905
1zYmhaMfUFYJLXCnQAYanqbuk13FNbrCe,4275727
1zWqbcARnyrB8a3RQM4W2O6ObmRNLU2lr,4275688
1zXUBZr91-odADbpdYVtVhvvrw5T8VNp_,4275542
1zWiN5jX5SUR4AKi4FS2YdRuVVoc9a0hh,4275241
1zVwSc1QCWxsK5p7ljWoMVewsOv4Kh64K,4275240
1zWa4n-b7SgSMqA4MsIK14e6RrCmxTMAz,4274783
1zVQQB-BoWRZJjz7peKxplBcPGuRmIbiu,4274732
1zVC2YSXslMR8DIjKrqdbo9u0n8ZN2MIz,4274633
1zV0ZjkVtnyNzQug3nYhtRDH8czTLlQ4E,4274631
1zU2CgErNWuBH-4v_jDV1fzwmm66Ejcq0,4274297
1zTQWGBy0DT1Hi4cq9KkWRXOHFet6-_sj,4274227
1zT8a7hRxnR94r2kQahPtPll6PugtcDTR,4273918
1zSveZltXU1IF3JtFCgRvigHYXAknwwaq,4273916
1zSZblQdEWke0_7Rl74Xne-2LYRhS30EQ,4272565
1zSWPo3mqiNRJacO6kpgggFjzeoO2phYp,4272306
1zRoypyNiYRuqLTXofTv4QMw3QkdFDxtf,4271485
1zR9hZ1cjhXbd4s1a97vbTRbp4Z3xW_zp,4271471
1zQdxjtvLqCMi9w_akQRuJ4Zlm5J6UB_e,4270609
1zQV8ib6FKtVAdmTm2lSGwsp7AjOoptu2,4270409
1zP5xFu9J2vAyGLhs_-4243EmQtKutnOg,4270407
1zP1irsD6uq8zbimzeOdHMqVwtVOu9yx5,4270291
1zOb4NWrwjM9v7I_tkn1CDfJ4mOofp2bq,4268637
1zO6_jgiK3Mn3Z1GIaawBBcdHZwEJ6cEK,4267283
1zMm7p9B6C9XfxUmp6q56qsbI6vJvZm_P,4267281
1zM0xSqakGyXJYFq-_GAOLUyAfbopqYUl,4267278
1zKyVKzNoYxMDA3Sfre9UjuhO0_wKANN7,4264700
1zKtWqapow0W_DcYx-alJcEvjv2pdkvbA,4262233
1zJoixpYhJbCYS52KnckFy4jOAI21Hcty,4261999
1zK0VPwvXljc1XDc1riIyH4ZbKUqMdsx5,4261957
1zIacDcoP-BHtnP689WuYSBXqfbePlMYa,4261888
1zI9SQj-0SA7PoqLQSwShUYdABYq_d0Ii,4261481
1zHCkcppIIYEdYPSzZHWwdYqMtmJ-Oa5u,4261089
1zGjOw9wFLBysG17bmq1KEc76d-SpXaGN,4403973
1zFriVxYW4_aD7jMFp1jBXVUUZPGxGYOT,4403972
1zFxJd6Zu4FYNBC8zYTA4V5UjtK9r-MTB,4403607
1zE15AfmET-t0oRk4qQwUpdnxJKeHuBjA,4403606
1zDQ4_3_ssb2KdddV4TW4tEXXOppwa7GP,4398599
1zCiMpSGRmBhMibw_5MAwlZSuCHJ4EV0K,4398079
1zC8hyfpJUwa1jTt32yenFL-z5OG49rv4,4397132
1zBbxH_PngXkJ_yGQa4_QznJ76UBoCJmM,4395477
1zAd1P_S_QG8uF7TF_z3ok6tee4Q8PEPO,4395475
1z9hxwvhMYLMBAFTytB3CI5zbJb3tw9xW,4348763
1z8VUUo8s0cRgN45Vj5qDXPguMXmfgLeE,4348207
1z8-lOEvKTg_bjMLNj4AexFUAt-Mn3inS,4348093
1z7JfF7C9e3pSB46oM5cyP9S9ZdjiMXBO,4348030
1z6z_401oF0nnd3z1DvEmBpSA0c0EtW0m,4347785
1z5ugH3Kf2NuKx4_TjfkMlNKSyPrsM-Ks,4347619
1z57hTaaFiKs2rMj6qZSPUWcH9iA_hSoB,4347565
1z32uRV9-O70OesZRac_6tWNMfKWn4_j1,4347459
1z2UnfUBJKH19uwiE95g4ojeBHjUyphxe,4347371
1z2mZamKUqM2jZVyLgJpXH4JHMAzifO9c,4347352
1z0Yh2C3kiT8t0bBMJx_NxCOr1VfFoBPx,4345534
1z-gvhdwYTAF3j4ZQaM4CnjiFjVg-wzvw,4344632
1z-UfjL83cifs_O9jurZFC58Qt7uW_0hG,4344564
1yznmkWEYJ3ig4UA9r7RCtpJyDxWLQcjh,4344160
1yz7z3r7879LzGzZKGHdzHcQ2n-R4w4Y6,4344159
1yzXQYJ53cvGFs7XTBA_lzLbGgavT2KkJ,4344154
1yydjme4_xtcOhHdZW-DrGHu3vlFKdvcQ,4341016
1yyGlYQus8WGGLonadF-RbloehFgNly3h,4340919
1yvcnT2TPEigAn17SI61vtQDjDwaSSIfP,4340916
1ywwu-2ogsEOPyD_3HzHRDuISFp2qmo4-,4340478
1ysiVsSKhH16JBBS2aA_5K3x6nNeQWAH_,4340150
1yt8bzcKNMekF9bDVLMZ6I3VS5N15TP1d,4339848
1yuYJolsqJIkdRNhceUNjTlEry1nQXhX1,4338812
1ys_cv9KAu2bVCMvKlehCvU7u4Zv8TF7E,4338795
1yqlYP1lNxNuIqtW6b-2XHkeiapwbzhOR,4338789
1ypG76Wla1vjZuGLjy7korR2nGUjvbxcB,4338769
1yoQhhN5JO0Umgewn8XRjDB03Mfcd38IV,4338768
1ynojDUJnXGdFk6Pr-s_w7cxWBdc_paH6,4338767
1yn7BFlK2nZ0AUd6Q8aOVX_vGXVlgfMXG,4338765
1ymQEddENJRFKFNEzfVAylTMD1yeHflo-,4338764
1ymlvLviZzU5YH-DbJB2HmYCOKEwG4A6J,4338762
1ylmPvway1w5sDMGh5XUBendHgM6kxA9j,4338761
1yl1XHin0g1wjU0o8P95p_9J-5VqZ1R_G,4338759
1yklb6II-h7G5LwoNCejhnPoA81yYsPD1,4338639
1yk3EiltR-3-8rLcTJhb0aiFdHPTF3shT,4338634
1yjcy1Nk8a-854FwDZboaMQ9C-YjdIuqT,4338631
1yjTFT2R372ZaZcjkFonnN8FceswALbgb,4338616
1yiswh6ggsNbmc3nXaE16mzmCItCXLeTv,4338227
1yhQaemf3Sp-ElqaQP8YIktvp7ldgq8Qi,4338167
1yhEtF0t-zHNRiYT2Ub0hkuufnJCTX6Sk,4336398
1ygt7uMgTcrk1JMRY2cw_sXfqzmbHEUBA,4336395
1ygSvWsZ0dS5vcaJ6TTFjN1AHvWn7ryTg,4336341
1yfnlO_9I9nLSlMC3YA4qDDH2-Mv30jal,4336340
1yg580Lc8_SPwfNLjenB41tZPuOUv0Zcq,4336339
1yekKJ8_FYOlgYoSQJsdu8bEExUHxRtxV,4336338
1ydcAC_KGdibOUhMvOqNFZ1_VTiLgs5cM,4336337
1jNi070FAn7BSlD9mIAQ5Ydz_HR6d1Tyx,4333038
1ydzquHvy7NtyRo4tcyL6NhRDU4KdRwg_,4335531
1ydUGJl0-DMoV9ujHeuMIgTd7I1_VPDqU,4335329
1jNyeoYXjL2CcBMD1XVGW6UcLTFzOqP_N,4333037
1jODedzjDozqLsbazF4VNL5ULhwC73Qbi,4333036
1ybnZzHlIm5e3zyKc7vFKFXw2SuO3EAas,4334251
1ybQYJdtHV_vAVqdU-lVAWDUDebTcA1dR,4333422
1ybKDmXCZmAP1vEKYicpKbuCmqTrv5EuW,4333420
1yasdq9Jdk9R3XEFF0KFQag3EQS08q7mW,4333035
1ya-GAZUwwjpkGwBytTIRL8sFXuSLoSBc,4333031
1y_YE-Sgw34byQPbKTfKNuWY3VY1QX1Xf,4332996
1y_jrZpRkL5SSccqZds6jvNiK6oJMZYvc,4332993
1yZxYhDtFY82pTdMFjTenjpo-nVQ8fsWN,4332954
1yZH5w2oi2Ffx0ZcBFsvXUYfrd9tbdKxI,4332952
1yYlDNcni0LU1W6VOxq3wSANRmK_UMbfm,4332949
1yYMQG6PzQMA7SmReHS7ytO6QDB6AtSHe,4332945
1yXCJFJ78c9HYmnxD1rjUGdgXrUV4X98M,4332943
1yYDcZJEhiNHWj-6cLoU7xus9nF6_sQMn,4332899
1yX3NArf1GYoinRhpy2M4ImsstQWqg7KS,4332895
1yWMH-aKNkrxgdcIVKOOx0Y79COxmVTEW,4332894
1yVpwHNsIPwseKRQBzg4aCLx1REp1FPrR,4332887
1yVSGfKa9sNNymnvKwwBpgO6IbylTU6H9,4332815
1yUEj_ASVuA_9tk--XYWy51Zbxt_WSVOF,4332802
1yTtDMgpwTXl9G8Tso2ordq1r1uQ3ZFvc,4332770
1yT9OmllCiu7GPI_GqyDVs6g-iGGCduGz,4332745
1yTHfEleKrltJ-bN7YiGO4zOL562SnRc3,4332664
1yS-gaPqmuuwhyj56u5mvfYNicmNIiiWe,4332623
1yQl0nY_xV_OND9wG2_7rxfBJtn9lHdc7,4332339
1yQiici9a-Wsvdwc05-Qnk6W9ZCW-eA5v,4332155
1yPuSOGRtLIbSg0h2FEOg2LGjtRE7xP4W,4332126
1yQG3lWtaBgY_ROgBGFRZE6TAr68HAluw,4331800
1yOxbvR8bFXCoqwgs2FUVVfWwrU3cM8ck,4331539
1yOKSLdlXuUJ99_AKhM8TBclqtlWZ6aR0,4331494
1yOA8mxxQHramF2075JydcCQL3yxWPVl0,4330187
1yNQLCqvoVqEVRSM1wWXFS3RUEvB-s8lz,4330178
1yLoFuoLXdt4sj7wXf2lRDI9HwGAL2VIP,4329967
1yMoHI8ZDB8EtftDLIDXGDCbcnDxMMBH6,4329053
1yK_tEwjg07CMcOD95K4iRF7i553wSJo5,4328950
1yKNCwoZVArhRveeKlJvvAUEEAYCa0E_g,4328949
1yJZ_BLYHRfSQbN8nDkEA8RYxE32N0mMx,4328937
1yJ9oGoUInIpY9aBoWjCK67d_AQGPOZ8d,4328933
1yI_uGIcWnXxaghQMHORKQgr4AD7OVC6j,4328710
1yHtrWimHzFpMkx8XKgDUNSAGMtOY5kTZ,4328692
1yHWo0v9KezuOhRWnVOi0a6TOkFJG2YJD,4328690
1yHKJWPzS-MkGCzm_sTepMl75mRh7qkSj,4328657
1yGIzRrb2Bje2wqhf0jVpdRHMU90cHjY5,4328656
1yGQ1yGcxzWWWf0jnR1gs-CpOtNeNjQnw,4328653
1yFytXxM2-_Ut2kks8JddtlbDFMBtsNCg,4328651
1yF0y0tAX4Ub2PMlfZ8kouzAsWdN9jQIA,4328649
1yCrMCp3gvx4hql31hPA9fXO4gzwxQbPI,4328585
1yELnaU-l7ZUVK05ixt8Mias7bNSiEI-p,4328550
1yBq7vqCdSgjmUB044APvEAZJ3oPNwUPc,4328549
1yBVSTuWArcFxwX6-HH6K9sYN15_VxlW9,4328373
1yAr2USUxZQKTiPRUozJWSg-m34JY9m5L,4328372
1yAeAXUtUku0fmDCMYy_zosVzuz2dDadg,4328369
1yA06mk6jZD2BBCg9hPQ2_lGJ1WSyUyTy,4328353
1y9cL0uGI_8-T_rT2cxLqdJ6pKy0Re9N0,4327669
1y8YfzmR4bi_ZUfRAyAt4lrIBCpALYEx2,4326167
1y8tH4duzXv26qsNVTzc_VJqvFQfskZ6H,4326005
1y6r8O7xFDQ3X35vl2ezeIhX4AVKCXbcE,4326000
1y7Uc2Bliv6-yKEH80utwqVuv9r01SRLe,4325798
1y6Zp1udrFFtEnxK7bLMytmVB2aERAFiS,4325731
1y6KAWAfmX2R37l5WlGFFQKWPPMZn-pUW,4325670
1y5pOVBqgYLFD4MCB0BkJFtg8g6oOAt7J,4325536
1y5O6bd4fLgxV2e0F7bVmdXIJtPlJO_Pv,4325535
1y5hCXHm_Dsww1obuZ_r7DaPYyrxGUpNi,4325533
1y4iEtuHxDrydCB6RKViEdw11ZStLWc8g,4325475
1y45Zq4PSf4fWImkYCiDA4dnJ6wiSovft,4325473
1y3LXV0kyTjm64ABrxtwZHEOC6TXsC0KR,4325429
1y3wAZ8UnakUu1YZwTL5WlYUCAfZM1N2d,4325157
1y1gnRTlJeKQlmWqVHhKe5nqKWi_EqJe_,4325113
1y182hVZPLW5FNCLEMPAZd5o54MP0p4VJ,4325112
1y1OXUKs3gZMKRcy6PMjzk0EKt6q-g1ws,4324785
1y0m7BWguUEFhsYa04dDC48n8_2I3uBiX,4324783
1y0Dln31O2fxyGLiUgECpI3OTZki7dvgo,4324703
1xzagtTxLoglqTsa3B_H00V2uG-_5LsSa,4322785
1xy8G0hB3pXmhDibRMUpUTcQjaBDL1gCD,4322782
1xybB_P2h7qZX3eOxYWEzGupmc34HK4Hr,4322737
1xvcy5sI0xiK8A-xqQrIyKTBcvyZdCLwP,4322690
1xw88cw3F4s6PWuMxY8hbc35NNObClgWU,4322588
1xvYM8WsJrvNtPEjL8dY9IimMu0BZ_Rn6,4322259
1xv-ORNLnMJTHwveoWmTFFiNiOBU1Ahz-,4321757
1xv2RAsrFhXG9CLAApbdddIzXT-GyLZ8C,4321646
1xuWpJ5jpJjIekWwJ5aolif2ZfYvZhvAs,4320942
1xuKo1KGsI5B4wxRaPYTSaZD9F5dBHSh4,4320917
1xuCeh5GZfgxSZKQ5sU0-ewsoWzAxkpvh,4320915
1xtxplbdGnuPSdYAl8UfyDahq-t_NrlyH,4320688
1xtHxjcNVUiYR55XCs7GJ9nBHqdWmIaeh,4320589
1xssJPHFDOgck3lcod7NRm_h9SFTuzkvf,4320587
1xrkoZqbfNgJsIVF14_FLYKw96stdopkr,4320482
1xqcqzrykTnJRRWyREYybZQpl2QT06qzN,4320445
1xrbZxRDnEgAK_YSeBU79E2Q0h-MaEID-,4319575
1xqQiv5_f6QzjTzY1s9DnOgXgrB9l52sf,4319313
1xpHno0BAegx_R3W_F3zL7w5Jj9RFCmaW,4319090
1xpXtUJ1SvW6ciC39KLUEVjlnkPTOQkPK,4319086
1xoKDuY57Oc9QRagAG_hMF7nX0Btea9AL,4319083
1xm_ZZlrFkVuzSc3ql_CIbzInUJHaxD7m,4318884
1xndK9RgMfYhHpV-GiUqLX2m4VvCqSEZR,4318883
1xlYWXz9tQvrWpumAoLzhsCevxGBMtqwR,4318859
1xkxrGKwoya2fhnR53jCet1rgrIYSRFxT,4318816
1xkGceqJ2U7Dm1Q4K_Ig_t_fJgiCdI9S8,4318366
1xjCA0WW5R_e1jJys2fH2KlSTMg9cGTU5,4318321
1xivUsfDuahLiBy6m287yXpYExnQCUK1F,4318073
1xgpqFnNLq1gmhT1g7VNjvuW8_eMLj7Cb,4317826
1xiA4LtfFL_kAbnfDLkC0lD-q0eF2UxdE,4317811
1xeuZ7SA8RaH3rxJpYFknBpDvIsMfwcc0,4317810
1xfzEPTx27EQZHe3Vu6UaFTz0W1IBz6gZ,4317793
1xdmhthjdnX52Qve7HRdxM74AywgYgQuA,4317590
1xdgreyxMaWjbEpaes0whW9rzu6JbAdHW,4317436
1xc_pbUW8_OLCucEmGK8QDaEEzF0H1KWS,4317425
1xd2u1WQDlV628q_VnAwy8Hol1kVmQUBl,4315862
1xcIN3XuEzTx3xDfxDwJzsadAl7ejmqrU,4315775
1x_PZY9iFVehnE2_IcfSTZ9sSzoNQQhf_,4315506
1xalcvADAcVPE-Iwm-GEOu0PsXVM_74nv,4315376
1x_-riXIfaYKWNBK2IzCUX_ek9LqUpPUQ,4315375
1xZsQsPpI_JnRpp03nHiP5ywVxCFMK725,4315371
1xZY1OibaMCz1AXnWr9guPNNGz7lbKiFj,4315290
1xYnfz2_G_Gcc9Rlme6ugimU-LeQfmOVY,4315240
1xYMiOZeAaBEYtoq99en2HHwNJSkmGlyN,4315088
1xYAk4n-qBmNeAFP-AnTQAdwUmTwpqDPG,4314939
1xXLWKAVgn5aKsDPibQzQREagS7ocXFk-,4314937
1xW6QQFnrG39wOFWXdBBup5zYmCCpW5vo,4314897
1xWjTLC6KIu3WbCVFnD8lgHzmyH8sAUpP,4314893
1xVp10XskisHfLBQQW_6YYoah0-h2ZQmL,4314887
1xTxrwqzkRDDdAK7E174YQJyz0FuGNnEo,4314886
1xUtENkAhce8zXX3xkagKvuHMYaF1q6LU,4314844
1xTGJYpx1sVqiUfHiweZMr0P8PrSVLsn7,4314831
1xSdWw5tXO9tYRxcOwjmFJwQU-tkINHHt,4314501
1xRUATkBi7oOIJcSdQVN-KwSCCmYVJ5Pw,4314412
1xQ7fhgoOpb1DEN5sEscEfhf-RGeCcqwo,4311812
1xQz-rGYtmCu65wUMBkqncVxRtMaGM_ln,4311215
1xPaD71PhVnj812weTJaTe1Q8SBl0YxOA,4311189
1xNzaXERPjGGN8QYy-DUTVfhfmR3BLOoL,4311170
1xNTfpE_HWkq-a_c9sB5OKiaJ-tKrTq-X,4311169
1xNAFypHlq_nPrBU0bnWX9xOwTzrFK6vU,4311149
1xMatYeRsY6a3Q8dr_sxF-3c792CO7Ff-,4311058
1xMOs-VgfNMc4mTs5tSoXMZ7_7MwFbylP,4310118
1xKclUyxpCHz4_27ECNZI2R01aqGJgX1V,4308906
1xLS73v4LGFMdbDv1R-9ee_aR6pp1VWbd,4308901
1xHcO9j6ycAQ8E3NyVpgee2PaCIO08hzT,4308892
1xJR6uUKCFJD06JV0rTQyBmTrJjhyj1oe,4308700
1xGTXnPlSKs1au7L9bNRT0JXcub0azluy,4308667
1xGpdyG1zveQzyggidyV9JYh2ASJ8YOyA,4308665
1xHI6jh2sw6GExVWltqO5sj6IW0tq9jx8,4308663
1xF9giGe154akLNTLcr2SgYWXha57gmOH,4308616
1xEqjCjSABqPvOlJ9TTHH1qMSOO6blnvh,4307875
1xEUYub_TIq0ratNSzZMailOzFd0-Sp33,4307873
1xDbAnydhLY677caaNIFkdYsyR9pFBXxZ,4307850
1xEDX30n7F-AbbeO89mwM7dhudbUZZH8H,4307846
1xBnTNUoz7O-Bb61oprTYnT2IVRTEb17H,4307837
1xCHz6MRE6QRjD8hC1PSR6SqsKbnvkYvJ,4307821
1xAvQGobY7vn6GOUmXzn6xKeHf6g_bYUX,4307016
1x8XswePUqBknnlZgqfYaGUaRe0gpv3YY,4306934
1x8KflN_jtnMv5tc57TqPUme-E4T-1loA,4306744
1x7hSXBm0er1RFplg16tXVYzV4l1OX_hx,4305945
1x5iuGKnhlziNAI0d96CavQk4Vy0dozFi,4305926
1x5QW47uCclF5tlZG6zdLpGOgIlUzZtya,4305923
1x55MySTGpmOJxzQ6MfLbP5UGWJoQ3JiG,4305889
1x4pkM_xMXksXSeLxYXjzeGjZnqlXHgdW,4305791
1x4DJ8RtCdTMu7qRd2zJYFl5gwymknOED,4305788
1x3ej2LxMIh6AUUi9RYDM3ucVWKtKyZwy,4305297
1x2mc4VJtoWiOX7JNqubUMdwU1Sxe-qmD,4305239
1x1kbDksuOpq63TEOxhZ6BqcyMIu4km48,4305113
1x0djOq8EP4OIGersrNXsXnRl3nt0g_dt,4305112
1x0BfVuh5BsGeA9_-TOEJhIQUNUMEcU1C,4305074
1wzed3WuU-ORRLPpDMHzRuasdJeMKmYna,4305073
1x-OlVJVJQN-wxyzjFJE2i496MV1aDgWQ,4304969
1wzK11nhctdyAQgQdDfO1E6btEliT0RsS,4304968
1wxcekp27m4NVXaqRR7LPabVujvE7TUl7,4395077
1wzBN1RRcG110RhjxEvjjoM6PPeLvipma,4393929
1wx5UYWTo8Nn57EiCb4wmvsSXaSALH4Yb,4393853
1wwQNcjOGTPArZwIblSyzaraW4-ulK-TA,4393808
1wwb0UXrk95Q10ef-D3U1T_pnRYN5HWhP,4393729
1wvRAV-vAyOasOJpqZGsd9-gk4hmM_YZh,4393728
1wvFCdBDt5F0FrfqmncPeaxAY22Fnl9_m,4393725
1wuNiHNY4TQ5YASNhZVUi76fyYnOPr4wo,4393591
1wtLzp8QkSOVOwRBIvfD9JPfpZ-gF79pX,4392234
1wszYtDiQn4GlkRJhHZn0jkFlLhdOQToe,4392233
1wsHOxY0-ZonkqRXUnX4rqcqF0k3yUYHR,4391907
1wsOuU1BdluaJu6P4vc7Bxe8UN3YwBNRk,4391885
1wrtnE6qwCKulHXka-xlGUKNOH9UdbeM7,4390933
1wrMMfjJ30-Ben1LOpZd2fdqutI5xlrZK,4387752
1wr3Zo9kEaylDTJrmom8I8L6lAIUVxhtz,4386183
1wpyrDfjLnkkgBRXjHPeB65BkhJxSySDB,4383812
1wqZFX2l6puyvwB1vLM_rgZjeRz7D72Yl,4383493
1wpMqGKNYmEhFSmGluqObBcl0IM5jXWGR,4383408
1wpQnXWeMwzLjPf_m43PHJOoToN-su-u5,4382032
1woxcjkQjljF328v1JgCdCyfQ5ndVCxw_,4381387
1woPK8JjHdSBxwobRpcMtAHb5L_KsPJu1,4379940
1wlgYh4lc7WLZ8g4hK9740VqCbgxHfNEr,4379890
1wnibAtOEb8L660IOsietmg2y9hEsZpkE,4379886
1wlMRscvy6XvT5wymG8iNexQpIazHHGQ3,4379884
1wjzkBcyeq5hEqqjG8RJhHIjfMKFWnKMH,4379432
1wjHaGgmMy9W_n0v7tB5kK5YRSglz7iDG,4379362
1wj4aD8zZJq4YTRMcePVFXDFWmTSwdZVY,4378840
1wijXeoSJ966P5lxPRZdrq_hGpzwKV8Gx,4376964
1wiQ1zu-rnRsTjOmduC9deHwf7Nq4KgOU,4376691
1whcSWr0W2-Xnwau2sE3W9ymRvu80ITIA,4376689
1wfKi6B8XUmMpuxxHZMNRq70TruUSK5OI,4375257
1weu6fQH6_KVata7jlFPLFy1hecJCkbK1,4374601
1wdv87giEsh3e-waDo0nPQBRqsYq5HMpz,4374500
1wddFdrB2ZCSsBMLOPsQcthjTrtG-VYbG,4373128
1wcj1aDNwXuwqbzpvFUefL60pyjDh-7s6,4371900
1wbPMf0JEkjzvyaq6SbRmzwkzt0tZgc4s,4371821
1wc6j-7_1Dcb-SwGuMU4VvdNvIHPCKxv1,4371819
1waPgdQJe2XshazkJBQm4LzJAKMXVacRo,4371547
1waEsQ19d6_R8YvQD4tgevZoHWNmt8Rn2,4371546
1waAHPnJ5y_W7eqStj5Fe2XsELxUcpvGn,4371485
1w_Zel5ZJHbG-q68xsPd9LRspuwT_ycnw,4371429
1w_MocQJEF1rPj7cwpGEYvJLIzP6qDAPD,4371310
1wZF834RHheDv0O-K4fm2de6hq0f3it26,4371309
1wXmNJxZobPoNqOytndl9rG3obkdMP60k,4371306
1wYIA7j7dDhko62Cap_9F57p6mPicFJiL,4371297
1wWXUmBH144K_A8uOoPdWE6B9R9VOOkzF,4371296
1wXiiAO-2B-gZXLoRewRJVyEVx0OGv4YW,4371291
1wW5B_IrrR40GMxQVaAQ3abMon49U1phJ,4370363
1wV1ZhI1ladAc0GDkT1It8X1JCB2-6Y7T,4370361
1wTN9riDUCaRk2Um53TMuNv5KTfxAA8u0,4370023
1wUNRt-DwxkbsyN9hMLaQ9TGgvPm1IT6a,4370020
1wSzX0UKqf0z8-ArcZYwPLHQixE_DTBTy,4369772
1wT-x32cQXr3KVjzWxPkuqPEXejReRFXI,4368945
1wSRnBhLLzTeDyWLs-izDKkAqkpg92-KA,4366996
1wSWN9mx2hLPIm5wqrj3KioGzTwNwwZ--,4366541
1wRWu4M9Z-pAURM9OLWfGtlWbEW3tnWSg,4365454
1wR3TZFvA_P3SwHHg7iHY0cLWbBSDj3GJ,4365180
1wQUmZvD-aamG6EABKlt_AxUDUrswMt71,4365178
1wPd5LXe2MJNylI2O00XTc27joGcJB94z,4362255
1wOqnCIu9hn2uMNlCCzNuBFuK6be4Ip2i,4362254
1wOgb7VI1E-l1JyVuboLbGQxmfI7IhNlx,4362253
1wOAtKTPaxT7nmPi96nBv6Krq-WKuW-B0,4360241
1wNn_Glxs6w_fqrN7SuBg1ZyW4gvPrTlM,4360216
1wMotNs-52-4VaaGUtWw9WjgdaFP-Yrk4,4360118
1wMW5Exhvn5UZgjwLRj8V4KV838jT4yRs,4360115
1wM9tz2CBzqVT0uwysM3fQCqHdFw7H7r3,4360107
1wLtQwk_PjqC95GCRxLTnp60CVQHnGytw,4360081
1wK8ZTjyjLT3rphZZnEjLu4rU_3IRGJyX,4359892
1wKkuHQ9HY0a4RqhpCPv6ofsUgLC_87mU,4359340
1wJgZQMWZgMUuNQG-IFLrJ0NIh-hFnhk1,4359230
1wJlO1SFaUNOpcQr1BZsKjNnP74oymdnZ,4359038
1wGgHQwqZSYibPDxOZJ_e3b2AbA8TXhcd,4358970
1wFm-wqyVY5cDmypWslHfChQwLfdhb_e3,4358954
1wFHYmuQt1jsf8cA9Zr8Rkx_4ksxP0K67,4357698
1wDvgYU0evejApj5stFGfURNph9vRLgJr,4356673
1wDNQOYrhK6vr3ky9ibMXTmT6rWdWYKdh,4355920
1wCgWKu8rmMHJARBTAyUY5-XwBn43hJ4H,4354982
1wC3iW93uBLD1-qTv7jypasnPmUm8D8N8,4353774
1wA4cWNtMszwWNpYEVdVai8j4UpOJAEcj,4353120
1wAgX00fYIYGpk5-rRdrlUq-q_ZyXQNoE,4353118
1w9W-6owgEjVfan_QviicJXzrO8tU6PTo,4352606
1w9iO6BR130dvSgPXeZ5Gc-UJvzhSIzUW,4352543
1w8dCx9iexIXgWHvjCltWamKL-wTf5FE-,4352542
1w7hq3YxY1zpbb2GUq7E2TSN9pqXRBJcC,4350555
1w7E0IgCKcfaGcbVDo7UfzKO1Zc83L0Xp,3668919
1w6p8PyLmDV3o7t2d1wC1e5lf6avhi-wR,3668599
1w4gDPMCVYwgXMPPYKOyv4yD_mlTMb4kl,3668028
1w4N86od3gHjeqjJV0JBtYszcdR-AG6ic,3667550
1w2Q-6NshyQo8EWOLPoCMCZAiaYIGU4FQ,3659482
1w32djqalBj1fAXxbUGLpqBJdn0IaR_0q,3659380
1w1Ab8iO7TGPg2gZO0afIkbqgYv6YNR-T,3658439
1w0HvLWpjh8XngeKhC5GmXZqVlbg_qEvu,3777136
1w-glZO7tNRyXu-627h2iljHEhY6mxXdg,3768234
1w-z4Hn9sUqC9kZDhuYftPJdWjKtLncou,3767754
1w-KuUbgyFISgrJqVZ3RlplIk9I7k-lgH,3639340
1w--coYJlWk_GfxfbSTSIOf0Xp2OxfzaW,3635317
1vzlylHDhRE1xB3xtvWayHXRgyyDT5kJL,3756641
1vz1SSSsfSv07Xs9lrn7gOQku5tPHyu6s,3750883
1vyjMy7q6B6sXb8KWzqilNuzyQYBbQl7k,3746325
1vxkFSlSMIrlovqU2JNIMI0KyqXeCLNdF,3746318
1vvvtm4FAxl9ZFZ4KPxuAafJYUxlF2717,3743236
1vvW8ehWyXcPiKYfxDy-RF_tndk80N0Sd,3741912
1vvLkrkI7en_pg8qmfpGMpp7dER8hsJok,3741670
1vuMuhLgcB2hK9TSqebjgpmfJ5I9V2VgO,3741597
1vudVhOfQ6eGngD6yM-tSrO1cIEYMsA0i,3741571
1vuFNcu51BPNhPqUtm-NXj2R61JivuzUh,3741267
1vtEJQ7YDD4n3Ikmfv9bHYEoiGpoH5AfG,3741078
1vtZGoCaMD0pUhNeUtQnu_wOiWdza1ObK,3731723
1vqeldZ6dyrSDAFSu9R-XG-DoJDjzhzQE,3805480
1vpsSIPoP4IiNnaqNhn2oQMzQdrbwYuk3,3801015
1vpoCURycly9wT5HbkJRpNqMstsn_bNR4,3616362
1vp770iIsTkCZJa__9p51m9R9mxX1J2hh,3615723
1vntYyUfRmQ70GV-OZzG6uuwJ3wDAuIL1,3710312
1vmmKPOXbVfFkGYmRKetMKYlcmbWGez4y,4211374
1vnHoS8lzm43zBB0KHFMnUdAMDfkIpljA,4210506
1vlrkRptfP79b3EzsVTUgyYJzUidliU0i,4210028
1vkzxpv08MRFtwymm8VJiHDjFASeCfJCT,4209059
1vlGxqxPqS3WDWWOv7ptVcD4U9HEMRNIi,4205460
1vkqQhwF-EsJaYqvzrzTI5BvSNG1up_kB,4203213
1vkZAcO-DTQv9IXGSJVX0JMGBnKNNIXX4,4202277
1vjxVEuRMpb3asscBoi0nUQhUnQ1z1n4O,4198835
1vjN15aGB_N9eZtoNh5oeVsJ_SXblvfre,4197764
1vhh8QvmneZVrnWQhnC90Ggctr4ELsdRO,4196199
1viEwwcZ5OMpPW8TGWgcb0QOkvYVHkrxj,4196134
1vgiS9sX5iKPO7zoiZywhYIEz5S2jK3_S,4196058
1vhCZfk0RDwWxHzruL-NnJitbIvYLyUXT,4192805
1vgcrDIao7ggP6kf4Wl-ih-hFYkTGWpTK,4192297
1vg9rIPXpXdhzXxEtxtpMUDCLwKqfc2xP,4191850
1veyuo5hkQgh9_SpG1x8GWzMrDEGfoz3e,4190382
1vfuxm8mexY9gfvhTaUhmCD9fwFeBY3Mz,4054357
1vediwDV1HvAveJBg7aHaqnFMpTF72uYw,4054355
1vducshs3aCS-KwW-xLn_TAwkfJFrJkO7,4049601
1vdfvcufCnrwBq_vE1UPZ6QHb-_mQJGGe,4040991
1vdUc9vA-NNywhIURfZ8RPOpWHgww5ynk,4034881
1vdDs2L_stPUqcpE90joHYsSyDcbqDfG8,4034841
1vcdD5gk71bkRY9nsZ5f7YDM4FfngWMTZ,4034062
1vcAWfkXC1bwvBwfep5sr2HFBopfRMq43,4033994
1vbzWdZr0IPX0cFfvDjSKKNa56ixaxlDD,4167733
1vaySqYIIBb__O095Iy2QfotZXBDFjWgq,4160601
1va-6ifLyuRKTO2lz-trX0JIsW9DK7zq0,4154336
1v_HNtyt0YwGtw658qQkRHyhHT6n5GVBX,4150701
1vZylytkwsWLJ5NpXemaHP2PlKhfjq3Tx,4146768
1vYWQn8L6E2710uDFFaO03KZpLheNYE__,4233748
1vYAHOXDTHzdzcCcD2F2kIX8DjC1VVjfA,4229864
1vY4IbRAyQHPO2icKKdPMAisTrpBCDZIl,4229862
1vWy-CSgmweovxkBSjq7_BcV7U35tl7Y4,4229859
1vWbXthzXgpATcy98s00x4aVTtu22ls42,4229855
1vVt76TmW1GTmf0UHJMJ0g9-M5__RcymW,4228376
1vUtjQaj-MYIb33XogL2nbLxcJ1ywu_zD,4227737
1vTwL98Iyyo2jrtqL9oYpoqsM_ejeJHv5,4227732
1vTmwQmVX2PeLAruDlSx4TE8SCMAArr5-,4227705
1vSS6WF2YavW6jwit0JYRtZdpqJsvwJ4C,4227703
1vS68wCefkKVejBZkPmvFagD_mp64EM3U,4227686
1vRqRppKmujynGTBMKgXiYFvvVCmKDt1B,4227671
1vRluaTWjR9R4ggaaOS20hoAYd4Gy0yzc,4227670
1vR1rnFqeeWokcdnuS1hFu4fgkuJ_f2GP,4227520
1vRE7xpBKWeqA-4Eu7ZK-QEDIz7Mpn_gX,4226938
1vPn7CKmvPS2HNaPOoj7h9PE3lIkoitGm,4226704
1vPOyWZM7hyUwI-5N6jt5gqOHGshP_S3H,4225470
1vP5CvbQ3KB9Vmocz4XxgZx67_IyItiRY,4225467
1vNw8W-u9x8djbZlkakwTlqEzzxckt0pv,4225107
1vNL1-g9iDUYIyTD7yR0DJPio0tDCF7KU,4225106
1vM-SqWq2IAmALFKk99EtmFT3zUX8Ourz,4225092
1vMuaYadWcUPeUF9I2Etubi6qCZLf5pwo,4225091
1vLL-_BWkFUmD-DWJb5-ypM9E9aZ31iGO,4225083
1vLQGjMjPDwp7xkCrMdzauT6ERjrIWuiu,4225081
1vKuf5MqjqiFlc4khtcB-X-KwQSYj2yQ_,4225080
1vKbWVN0-JfxAfHNBoieYqsk-tBpMJdF8,4222649
1vKhoIuPQIuxXvuo4zokgG1QXGqAwfOy1,4222411
1vKHt10mBB-Sh543KSP6DccuYHcY6yQaX,4222287
1vK2ajuXvviMlrrp1bcIKsflJq4CD4j4R,4222286
1vHH5YHhZyUz03SxELdjRyiwTXQL47WyH,4222278
1vHhAz_UNA3MKquKghKE0VZv_vEE0kQod,4220595
1vGFTQy2kEQfHYFi-RjIw9r6_GiQru5EH,4219426
1vFlW6Ss8hD1xRiFjceyO6-PVGDWkNDoK,4219420
1vEdU__omSw5oAFEuixEhDfh8vhFQA1W8,4215381
1vDcv8Xfc5AJ3AzYrUSkunbRAVnBB3CKb,4095996
1vD1CN8kYPO-yKL8AaeRNJyGa-37fHfuK,4095957
1vC7KOOWpZqiFABNv8v9S1z-DyJ3chscG,4095955
1vB_BBG3ZlE_1Rsf7_1uEszLXxK2ezawv,4090971
1v8i2tF1sS92-P0kncUH7TIIS-gS7pBSM,4089132
1vA_S4EI8bvJfkpfmeqkAToFfXu2zpurL,4088864
1v7rabnrf_Km21h300wy9GDX5P7mgVDFg,4083126
1v6fBz-qxOAxJgysD0IIU9H5hdKbxEEjW,4073788
1v7aRN2MMngDWbc8Q9rKENt4fq42e0msp,4072835
1v6BsBE1UYRU4f3AzoD34uTV-0rGTR23M,4071559
1v5M0ZlYI6B8M_aS4n6mEMGPxVSYvQVZI,4071557
1v4dxVP45p0rFJE7cTOdnAiBBsYzvewJ5,4067908
1v4K-eaJizkVRqMVnTQhFFbfm193IJsba,4058953
1v1yp8EfjD1LEnKVV5kKiYCzDrdceElr0,4119856
1v3ViKau_nbQ0wkU4RLc6EipmnMLm4yKd,4118425
1v1boWdkzGmEWkqn7Z2rzwO63Hxs83AEN,4118423
1v0sFuavBhAOnqgaaYEafZATcpA10Hrwc,4112861
1v0Zi-BS7KrpBth6yx7vAWwHrtpp_gKNU,4112081
1uze2z4NYbaice8FxBeavi7rbSHkj94kX,4101177
1uzKpSJXlrnVQtY601Us8qekH7Fqh9kJR,4186998
1uz8SfIRn61SPX0Z-dzv01iML8N9jJ3IB,4186091
1uyGkQShspwaz0aWc70_I7OIJGl--fsV-,4182785
1uybp6qLPehBvLzFFs3CZYtc5UGpPDvQ0,4182761
1uw9hCNOly5qHZIAe35l3tAbzqm5eisqv,4180804
1uworAV4EhSBf9wnRldTNbnch9WQLO_kW,4180304
1uvWHBlURJpF_V-niE2qCNSNMTDoFQnnF,4180295
1uvLZwXy1En0kOv3p94qJc2yN0Fe6xtsj,4180282
1utJQuOynyGT2GFN99y67O1wI04zItHuQ,4180279
1uuCEBMwIhyoPS56_ym7HH-pkXwM3ZyJ4,4180278
1urUt-QBJPPkB7ZVCz_Ub3s1LmjJLsuSA,4179808
1usHMc2lcrmigCO1DwWDsh4cS1vQ705md,4179772
1ur6FoZzHvOciqfRHuE9pKA8rvUJFUmcR,4179769
1updI33LWWr-22FkVER1NoDBTYBvTEgg1,4177473
1ur-SBnXRoDEdCx1XB2_DpPR23P6BPB42,4177471
1uoZXgGFgvVLMKlwkdNhH1GUB7wnakOSW,4176748
1umuoKoHeKgD5RUCKaOMur5vvIeChk9SD,4176706
1unbW_72uRJbEuafyz_k9y6qZ4xGU9afZ,4176663
1ulQOHwa5LAvblVOT8imEjQ2WOL1aUtkj,4176512
1umETiAMh7hddlSXkd8wcrVEDRMikwout,4173601
1ukj1cPl24Zy_A9Q9ZgaH8fCo8Ejm3GDk,4142012
1uioYR9quEydRwxw7yzgJXEClwMf08wsA,4137466
1ujuDsJuZv4zn5NG1v651Wks_jLwPlKqP,4136852
1uibTUha5Uku0QAgtOfUaQZxvneX_6O-I,4133456
1uhA1qcFm7sJuC-TEiqFmUBElZVhoJfxR,4132758
1uhiqk8iB1ZZCKSdSK2b6VMfMgoSwqczl,4129765
1ugqzkwwt_129-vad5kyYQHeFQni0KZbp,4129763
1uf-UxkVDZeWTdywghWap2gNTopM9dLs-,4129761
1ufj4fQoxIkxLJkUMuHea9yDn8QYmZrcX,4126439
1udLXU8VIqY8hcpH6RD3Q_6S_4ba29anZ,4126429
1ue2r7jFiWtbd6pPxSX7epdWIi7Jvxl3N,2532315
1ucx8aViknYtrJz7BreeQ4SS_yqkYUejM,2730336
1ubxjDflaNussTFp4w8fimKSmAUcC9Q6O,2729503
1ubbVuO1_s2iWTmuqoJOE-HGF60RI8_Oj,3267856
1ubaBw2YiQY9325SrbDalngfkwEHTN4ev,3267830
1ubJgEboplc3op9mqzjoawMkp7D2_l3qC,3267812
1u_QzoUq4NYC0546hlJTJvRt6ooiom7hg,3267806
1uZqb9N1SsO-kqyoDQgyU6DwbCvgzDS9T,3004883
1uZK8JvbxA_5_wn51hypgU0-P9dSQSsGD,3004881
1uZGwEOqJm06WibVQMLP6M2_jTVKNPgQn,2981391
1uXw2yam6A4D_uxzFWPbi_caw5y8FhCUs,3178800
1uW3i6NLdR8RJbQz6ychATBDAf3UC2xpk,3174608
1uXcbeN6vx2NI9qloE9zLjJEWsUM-_K2A,3171137
1uVBvx3rmdLElij3BvXj7SCzqVWo15mAq,3170615
1uUmUPFePj65RnZfMEwIFe9qIGyb6jhuZ,3170614
1uUIa-6F4rTGeoWe_xgJBcmhBt63sW8o8,3168518
1uTn4sMedw8Wobs71BL5r8hroacmoACoU,3166376
1uSiuSIgDwHA3PSgoJaZl2l1OvVrJaW97,3166375
1uRvD0f7tTdHr9D-w_2QAsABwYauMcLUr,3163914
1uRMSeR9yOOqsAlDqfSbTdbdZ-X9fwRxV,3162352
1uPhqYeC1xbjv5-2KKsWPn4cpoA6ItIOJ,3154406
1uRGj8yVKYvZMRf1eR0IFSTRqg3yZhJ09,3154391
1uMghyy4Xa2q2Jxb0BVBOobLL5wm093x6,3152953
1uO46GWJ7GFUxamZ5YOzQYrJXtgjwjlE4,3151026
1uOtN1gRYSbZR39cJfdlsFytNMeIVPyLf,3151024
1uK6DgVCwbEf1IbPk3-6580vFYgR-MfJu,3329088
1uLFmJSKPfj4_bldYmD_S1owT04_nPzKm,3310381
1uLv54kzM-ux1wp9WxIE0c1Pp-6hGEMeS,3310355
1uJkknC4bIREeRmSGbi8yyC1ZIodQ_OEj,3374781
1uHZEY_BwInxmciDsWmevLtu_oPALc1Y4,3372220
1uHwIMJlSUCBmig-GXc7PYFAglJU7lMer,3370353
1uH2GL3FYxFQAiJvYspPb6lw44wC8mamW,3359152
1uGdOLP0tQl4DGYR3Wg05bt9CIcL1UIaG,3354363
1uGC5u_sbZ9EwzH9i_74gYfyDlN9LiLp2,3305364
1uFyo_zgC3UG6NXXqkJ-Eno0eKcBqNI3s,3299887
1uFD4gXB2R77qhzBTD7Hvby4B4vJFHxfx,3299473
1uEjlmH03VWVLTjlBcVhpcaz2jmXxLUxD,3290158
1uEYIbxSDS0wfCN5PtWQU-N9wnur2RA6i,3290141
1uE8GrMyVgYHLNRL5FjBIAp25mVwoRWnu,2156170
1uDTz43r3XIU3H9GKfynpUbpuFH8MZK0K,2152442
1uCv15DtIl3VL34hnrUW75jyZiw7v2fQP,2152381
1uCrtymv_C8DP_g3h_POLGWrQTaIj29YC,2073888
1uC9Khc6Gtn0X8Mvir9ZTzOGuGbsxHJnh,2273404
1uCq-CkasqkisBa_1RyfGM6nAab9G9eQA,2200418
1uB-rsljaYrgjuWaOiP1zCjiibmNOIOOR,2230465
1uAVidE0alD_Tx7BY4NkGMZY-338gZ6Ne,2227597
1uAFe_qsIyQvEMHv1aXDjU-OWFlB8ywh-,2224547
1u8czPiNmSqAZKLxW2qVQ5UNDzh69J7Zz,620882
1u8I9PkAV0ZLQ4vbBtBJf_FTXx7VfafOX,608388
1u7vhZcfCaExGN4yOyf3f5BVFWxiv_5_A,602898
1u7s_HpVXRWf-goy241zKL5ni7FTiPdde,660216
1u7Hz4SDBcIhvY_4rBPNceYcQhXfNA3R5,684868
1u6_5DSxM_sH52Fz7WZ3L0aRKvW7bHRvD,648153
1u6N0v9UzuAMUXAbAEDIJ0pM7Tyr40Alh,645843
1u5IloOKRcGkmUrgp6VKvzDbCzD9NXzrl,645842
1u5oeb5cGBdaMPQi-e-tYVBmwmlGrTyzQ,645821
1u550tX8xdAYOzsAwz5rpWRAYZXEvc3v2,744854
1u50WTg7qnCRmvL8VN9iqQX27GN7efegm,742956
1u3kXWjvmiviIHQw-Rd6BRtyOMjdI3Guf,717316
1u3JmFkyruZn_DEK2it2GQFpMGRr-YzRe,3106694
1u2uLtSor2RWCYbAz7T2w5QfHCQTHIOQK,3102615
1u1JmyAeEF7MKXSwu94GABUsnjNiDSzlD,3137050
1u2IkBsdeTcPHBA1QmA4xW4wm0ujUR6_l,3137011
1u2qzlTgxvWP5Qc6Z3E5Z4DgbrbwBqLYs,3136956
1u-XWycIw4UP7g9G6UNIBu1UcXLGLwaA4,3134527
1u-B4DVeuUx8aNxBsCf3ltIrHA8IrGyJz,3130695
1tziDvGpRFTwmedCJmoQ3ZXKeDOTBD-ae,3130538
1txf0AfKOl3o_BKgPyY89MN6S4HcFg_dK,3130497
1ty04Wc-gHyVGTJVHaQvdusrJ_HzH1CjY,3129543
1txW6OZ02e_u61_YN6ILKcyK1IYogGLfV,3123637
1txON7xyc-lv-swePt750TV3pmJfYDZdE,3122849
1twRW-a3RjMKdnrB4UW5DANVa1HOwcO-n,1481874
1txBgGm0r5L2Trxwi6iFSeuW1AhDGQqQQ,1285282
1tvf_VhOzVAlCjtgacXRcec35ON4-6yB-,1392888
1tuvFi0Ww7MmJeLIZpGj42Avs51gxMZ7C,1359963
1tuaGAbLOA6x1oiN-FJ9DSCfMW4BcGteG,1367640
1ttuyLNLUYaTnTI3W_8O-2y-puCo_52f4,1849516
1tthXyarvlTO6Ld8DIlBDcq4kL0DGelRP,1960323
1tt0Dzcxzgj2nMK3Yo8WHanpKnrNI7kD6,1801369
1tqn83xg0SaCGbX9oUdYsu23F8V-2P34_,1997203
1tq5WMefQ50jvETie0FktZXiQwBviLZkb,2041962
1tp_8ysem9Yatp2urTIVaplcsRohTL8be,2026283
1towW7rEqkht4tqJqc5IM24nMIiSBg01Q,1826590
1toSEB4w-NMNK387cRJ57OJM0xFvN7lJz,992928
1tnpw63lhyYhryM_2Z44Mybaaw6aB_vVA,991444
1tnxxQTu0TsPn3BS_pfpOQCMfkV34_aNY,991384
1tnWLgfO2s6zx4u2RtyMkbMMZmvXdiZdj,990358
1tmgktg88GDu7mvxUangFmm6-BWaJ2aTu,968559
1tkoqgkpSPuUKOVsBmSq-hlhZNME6yEy-,949253
1tjtpZysnKfrsEjWtP-dOmfBO056komBG,1019803
1tjbuqHwgLumuaeY2oly3AoX3Br_h2FO5,1019802
1tixa33w7pM5Eh2ffFMQlzk4uC9hnqoaO,1012449
1tib5M7mt1BvkINcjhEPGcXLMbSMaD0fD,895261
1tiJFzz_UKe8zbELCQcF25ypQ5tXxj9Df,883984
1thwQyUkzid4KWorl0GwkBU05ANE7qThV,872846
1thZJHw3zqSCWABPDh9cTUE1QV-9XwYog,872176
1thJi5jumi_xIkrjA5VyS0aGmiugffLV8,841062
1th-F6piaJxCZOrgvGh5f4yo7Hg6RVxEi,838395
1tgTq943ZK8Nj4URBW8M5bLq5GOhC-Piw,1688255
1tend0P-IC2j_whOGZo6_CD7_dQpn3gvR,1782024
1teBr_EKbmVVyZAAW7LBb1u-uUy_5znAf,1607875
1te51geM9tVjJ__V8N_r2H1jlE8jvAAsy,1740113
1tdd07YnmCWQTjjxX-BGPcKV7UYDg4tJa,1735940
1tcp3VwdVF7jsZB8_Wax2mnhvBH7Noebq,1732767
1tblq0zIuyBi10ZuXcK98gTNob8TZNH30,1648088
1tbf406U9curqNBoN5PFaMD0r492FnXzH,1648069
1taAK9FJCTVJqTDe87Jv9VCMdn69dBKKd,1647268
1tZNHud_dAA_Gf3_A5qIS9n0KCQHoFWg2,1541599
1t_ghrpRDmKhmCVzMk5ZC-fbztD0qCRne,1213365
1tZFGXXRSuxSWQTyxThzqtQPsPpgt9Cmq,1095586
1tYSDo8QQT9HB-am9TU0IJQY9neN5hoBQ,1255826
1tYGpn7Wpb_EiOghtP5pNOCck5K27jQHa,1243582
1tXdiZKXLn-CKfyMiigYMbE9H8QmUg47v,1120056
1tWgphCnUk7eVOMLwe_YmUp2WElATK9hZ,1231688
1tX4t0x5KMEO7X6u4QhG09jlA4RWgdutx,1038936
1tVVEIpEkPijKwrs6LN3hEgbkeuCdvG6V,1035393
1tUxVh5AEzS2X6NYK93-BUf6jUMrJCOMY,1020584
1tUlWdyD4rqqrjUl667ZK-9HeLKzThxoU,2493747
1tU5Bc8hjKVB38JKZGOqy5zoDTFPSqajH,2316875
1tTk0POSFXx7C2mrRCoww8jO1RufjnbjY,2179301
1tSk1S4za9Bas1utUe3Meeg3JR3sYIFZ6,2294626
1tRAtRpfPGU889bxOPq6gVEDjbFXjyuen,2294623
1tSHFiF-44hW4YjNFLbBPHcFM44l04MHv,2279501
1tQxmlws4G7KcHB81s8Z1sfHiu5EqaYAZ,2780525
1tQYmxYQU6To6e6xAFx7eS6vIkVc0HdIq,2827345
1tQkmymn0Pa0EIwWZhXz7C04-4XuVlJY1,2826655
1tQCOqqU-wZ8li9TqnQtYW3Y6rG9DpEK4,2826653
1tPn9Sc8fbHk5J7VqdwVN1z8bjkCMt-gf,2826050
1tOTw-zneT8AdbiibPQySOA--caFX4kYo,2843384
1tP3z5dV5Y1hnLTkK4Hi9SL1KXk6rC1yL,2838138
1tNvc1V-lylSYc8cZiQ3SK7JcWB0F6oCu,2902747
1tM2o4sg_smtpI5XcSzvVQjhprcSIrEhU,2946509
1tNK4ExioA2PbRMVjPGMHhTC3uptpIBX8,2933711
1tLaTsO5QsrpDd_P-UFxqlGO2PDC1zcZ4,2931374
1tKhQdSTQa75qm4F68U38XFfdC_Vo5Qwc,2757107
1tL4ec1yrgT8KOzpKa2p5GS-t0QJTF21m,2890177
1tK6oTCc5GMbCTNp7y1lvRzeNfukGgxE6,2888922
1tIzJq7d46eEXJpVyVdqp1dwIvZ1oxL-I,2888819
1tHNDhggMHJfxUen0INB_GuvQAp7KHtK-,2881441
1tI5q7A-UL4jYRB-QRljXkIbEU3x7X_GN,2881228
1tFabmAOp7Gsbd5QfmkvHIEgMmzrWpXbD,2796620
1tFUPlJVj1naaxwcxHqFf_8WAh8Yz32Ml,2796534
1tFR9s6B65i2-FY68ndU5gPdrEQ4LfT4w,2796532
1tDuBijTZJ7-k8AOPr2rVwguIYQX1hbOO,2796338
1tF0p6eK43dLqvJmB9jqkNBCCP4httrkL,2796335
1tCc-QmYQccqGHXgLUtVpX9MhPgO1WCvm,478528
1tAypdqacCF0DpgtopfC-l9qgLYuLf1EF,478507
1tCCreeT8eyU9_xfYnSUI0ZiFlfxLMlmQ,558773
1tAlHoC7wNHUyGFBQcLcavGxSyc0h_xnD,285629
1t9jP8zdVtgPtfjr5KRrxB2vD618AEaU6,4451040
1t97cIOi9N0EZ9VfYnh7JG-wobEcebyjO,4450819
1t8uHyJy7a3GFOs_xRWE9qX8u72ZaqOQH,4450695
1t8Y42QbgtrjLbp0NYfF9Xu2Jw0lNAPPy,4450659
1t7w3F8gC1t2j79gJuO6C61_ik2SsB_B_,4450649
1t7-vdppSH5AlsKwovcz3RSRXm6FgrGWQ,4450233
1t7VFylNxOEh44Pf4cMllj-4IfhiHudkL,4449998
1t6U7jafJn1g8G38uwhm_xjIOBK3TtfO1,4449918
1t6-zE0ZtGsrGg6MxrsgIXZWIJTgeecsZ,4449903
1t51_5kH2rCq6VTtZV4MNuW3FKxbDcqqu,4449880
1t3oJD9b_44Hp7a1NYxcrhsD3nliTbyIU,4449843
1t31Ms1d1FUCUC9bfGr4VGC9IbZ4zBGx6,4449832
1t36DUnB00dZc3OlWcsccfx6xsUiQt-ZG,4449831
1t2dbzfRJcJs9LbVJNBl3yeTM2b1JliiO,4449829
1t2B7xsR-wyVvCef8B8qhPoNIIJ6DhgMU,4449823
1t2GOq0ocJItdJ2Zz9FD2GYkKdBZM86Qg,4449820
1t2-WT-ASkmFAPvNE4Cq1Xz_9-fuc4EHo,4449815
1t1x6cR5a6JJ2nL_jErIO5pX7ONH2zrES,3810340
1t18iRxHFOAAw9YRl4MXtpqHjyyf730T7,3933256
1t-kII5V2mUSKLMGh1E0sMhuplug1Wp7k,4426957
1szgsAuZOhzSM7N0fbxEV5JWOCBXtjck1,4425584
1t-SgV5Pg5FUe15M-9c1djYZxnUv7TCn9,4416235
1syoHmoxMPlljPgo4I0fi9gK-O84ibqvC,4412877
1sy0T9BQ37sXELg-6pApNFgWIJgy2hDcd,4412873
1sxafwLcwYXMumyWAPTtZ5yH24s8IIPdQ,4412871
1sxOFf2UWSPmq_c-DcpCJAkpnqObDD5cL,4412870
1swmNmAE9Icbxv7uBOkxqffsNYjqfjigJ,4412861
1swVhYVNn8q2XbicbULjO1cmpXO4sCOiP,4412851
1swI4_eD5kwPrOneXbPFvbx8ioZqZpf9B,4412825
1swBGGoR-8ybODV0KhsFcNwXuFfTjEro1,4412821
1sw-tprY7Co_TKChSSSKzWNVcch6oOjra,4412820
1sugiw7-iUm0OHu7NXIs5FIZ-85vw8pws,4412819
1svt_KzwQ1HU7I9fbMKj_FXuJ_UsZMNkc,4412813
1ssHPup-UO8tagjSAUNnhkYSiN-yk8Zqs,4412770
1ssybEh8oGLJGBl6s3UZVtm8wghWUWW6K,4412769
1su5u3zOgEfjtKI-bYVK298EKrFMV6J1H,4412766
1ss5X0JOp-vuGR-5xBuMZ8BzHmUEDpst9,4412764
1srGRBykEewWcKGUefCLu-DpDNhhMiTB1,4402050
1srmYRGPxh5a1lm-h2hP6xXteaoe9USSu,4402048
1spy2OTG6kmV9oT_07K_N9BwRTz4hfEvf,4317514
1soottjIWL7Ua0cazT1JZd68r5sxbsKHo,4311251
1so9xmzM-ieXTq9S2DAm8PpCEwXSWjG2V,4393927
1sntXR4jeVdF7M-roYMo7elIETEAYL92P,4367362
1snfRbpwGizE6--fzxCAib5mZLCGupY5k,4128435
1smzhPQLbVKIXJNUk3GA0xRPsUkwI6f0o,3309611
1smKc-hKj6s8AHC9XwwvX5i17o_3AuTBS,2821622
1slY90VXJcywoFtjLbLRDYAUfeVg7Xm12,2764102
1sl5ISA2SeWYjvRvE8bDitzQQ-gBBdSia,4453366
1slHzdtoOuX5v2AWZk0JAaoaSTu4IkR9m,4453181
1sk44HyjoJM90wiDa30WdO4iskuuxoP7T,4453179
1skWxEuJ_M3YNxon5pkJX4vbR-t7Oqe--,4453178
1sjfm56diGZ7mek25nuhgVWekYxnI-fSS,4453177
1sj5BYYA1sTSIDiE3fFM2lpran8xGlFC1,4453150
1si1rFe8IkhRKjXmvM49yq8w-UGSkbrUD,4453148
1sh67kSMyCh_xswIg1U38LsBrDcjX25oC,4451597
1sgI8HyvqBpuOmI42GMnF0IOE34EQv5UB,4451502
1sgf59TVx85fBi0yZU0aU7Z4OzCWxBDSW,4451498
1sg2sYdWqVzI1MJ-pxTfL-NtHYXsAt7AC,4404841
1seYWobSMGn90cUULgwmDfShfBOLafuGD,4398864
1sfogcXNP--wxQZ0DAELpkUOHmTtinx15,4398859
1sg0qglJFaafPL0Ng4SBEijZkFUmsn_Kf,4398858
1sdkooqGGM4WIXJa1SX8Z2BqP4XzulPXD,4382239
1sdxnmeDi5Crl277KtrwtHsRElIC97ZjY,4372214
1scCr6nUoNY9EqhYDRAO7ObWRx5sKDHdN,4360020
1sbtiOn8S1aYSqyFD1VK2SCtpSTvbYsLH,4353535
1saluhCM1fypDlPcyBnCrudSNJh6Z-pkP,4350770
1sbD-1Jr7URV6oZK8sYIh2l2zbEQQF47N,3025435
1sZsoDPjVQU5O-DIDzSjMIanB_jhA6xBI,3732172
1sa-xFSOScEK4_TzeHBwvQmlzg4bVNLdd,4084041
1sZGNqg1cvzozR56fZTRmiCO0xt6aBwTY,365247
1sXvPFVFS-qrUeTDoAWG4y5oaCgbvS9NX,2854748
1sYiSEWLNBMLp5LWesMywqGPrA_Cnp1eV,218673
1sXPBL3r_59NQkEBhFnvb8L-QfYKjyVWU,3454093
1sWYYeNQKhBHGOByt70XZ_dje3Asihig3,4454424
1sWf6_12AAONk9-qCbq_CiseRXPDEzDoe,4454367
1sUrbx8k_TFqhpwKJQ1wcXpbU4WWy4cwO,4454366
1sVWVk-66HmnTlO4EXC1xG06L87qFxbkn,4454364
1sUQkGPzRzkleJ64x3SGRI8970cXFvsBV,4454328
1sUA1eEzrpz5lX0aQTZuO-f3p7JOK5pM1,4454112
1sSaHOgsX1LOiVDX8pzjGAuL6Jo1Uh4Lg,4453761
1sRi2GagM2de6je0wpQ1SGurT3onngudq,4453760
1sRTwP7twJdBHUKpRfV5sTAGI7sK4hJio,4453414
1sQgb_Q9dfrSY8SIgEvEXTPuVJVXEpL-7,4453412
1sQFUl4sQ20gIEpg_AQsMelH-F5eqAN_Z,4453411
1sQXRUnh8_lyagDkksnkJWimSyYBO3sWh,4453396
1sOnzF7doIYK81ZrNoJuhKRNvbJgbSz2S,4453395
1sOvOtYl6oxh-dzAQrP-m2N_AsdSqPQqn,4453393
1sOVU1uWo8nKOQcsHo-fNKbaHgA4KXQxv,4453392
1sO4KPPeQH50agrgAF4SFdDuAILT3HUZ7,4453391
1sNdbQEWHmIYMGzG-tdv4sRbt_VvP6mOo,4453386
1sNGhgbvs2oaV-yKg_zbwA1LnLD0MAQpE,4453385
1sNQQrbHLCC6TnRu6y_-1N4bR9Ah5W39l,4453384
1sL2DrgJGocF7NjHJrUt_tzoW88_KHmym,4453380
1sJkqRY_qAHPei-16ugguuGJ5LvY-JCN0,4453379
1sKVSf0TQhDqLn3vRZBUkmEFrmRCul1U4,4453377
1sJ3OfRdiwxnisU9u-x-DCap23rtLb86s,4453375
1sIEhV3_uGcH2x2bCuKuuNexBT2CqJDft,3864260
1sI90Lol1qYLf7qwoLCA-dgxDuJ9wTYAI,3963385
1sHmLOSu3LZV8J2tCVd3xwTumQR3aNPva,3961218
1sGJQ3NK_Q6DYCkC2MU6kINEOKjWZtmTz,3960570
1sG3xuHxL1HLEGroxgxchCIhQqH0rg0p0,3948487
1sEpVZXZW5jEKEhVZcXqdzGCcW4Yt9VU1,3947529
1sEXvT5fJZVGwr8JE78EWZYsmUhwVF7iE,3992671
1sD_0TLiLNHGcTyQv9UMLYZyq5HmmwzaF,3992667
1sCquxXVSZ7PZlUNNcPNtw2Mgg6w8zAfI,3970793
1sCBd109tIBmGXrspRy-mlUFiGjBEr7vo,3968362
1sBj7D10YKzVA8hQm0rfDMQ4InrOvPJqG,3968048
1sB5bvxRWKuqh36CcHexxbuQhGGJIi8Xw,4029616
1sBUZFibebFPFy2l3kkdYOISQ0uwWk5mL,4029075
1s9BUd76x20j5UGSE1oiWqqIHRWnnCrHi,4029057
1sACikHXjjgamQLv5QEXbFRwE0ReEjsEW,4019681
1s8EYLdYeOzwKVIxxB5ZaImE8axvCSbsC,4014030
1s7FYD7vPjYmeKwgeNFN1hO6IbVN-oAAE,4013987
1s6jqWMiy-YSkrRfzhzlT3h9pyjer-mgi,4013981
1s5wViOaIHFmFMuwmbWaa0fmwaPAeuOHf,4013958
1s5-UjsMUfLk-WEDFrKFvWqQKYRzBEQCo,4013913
1s3JHkr6IxutpuLJeD8WLcvuPSNT5_n3X,4013894
1s2zcLtWP2BvX15WRCOjp4x_Mg7OUmXjK,4012653
1s2YabKCL_5ryr8kvaxopNJ-kfUn5BtNX,3548944
1s2kc3mESVwfpPxL0Lkah4syEdOIesgd_,3544593
1s2HE1oK7fT41x69K6TZutODD79NmvjcF,3541605
1s1IFntysNb8Hz4cEn_4LvpazdoFAjgqw,3541129
1s02Oyi9U-LvGTZeVhcEsxwdoO2mgJpie,3423444
1s-Fww42ScFn9Ugw5_M-qnSyI91acDhX_,3600332
1rxTexF0yZj0g5bOqOpleqWxPnKdd9QNj,3590734
1rzlk5xtQbTR_ZDRp9APzNIprZIq_fnAi,3532305
1rwsxkpEE3UMMd7PVrpyOaE6OTsYhGwld,3404121
1rwJsuLZXJz7dETo3mZ7Tym3RyfjdMTJJ,3403904
1rwcOdnVSns2wPLpPnGQP2x4jwbFCfjtO,4302908
1rwEOdrloRrtAwWqhbZPtiIlZX16ZM_eE,4300272
1rvMlBUKsLcDZ5qvtTS42dToYA4fSwtki,4300226
1ruzwzNhNeRQnlaOa1pRGsDRaPUfuRiXf,4300063
1ruPJXmgkLbK70k2hu7p5dmQD5ybHXquX,4300056
1rt6AGIZ3EO7jmdATfP1I4DlICxvpUsmB,4300020
1rsyis-5aljhZg4A_nawtSxvaMLgq8Lcl,4298357
1rsjDMh7PZiA2IWGIcw8Ei9A0AqcAgo4G,4298348
1rsQ3XmsFGKa9z9LpyCDXTnRhq3Z0XJYl,4298090
1rrgasM1fTlzDcnXD3-xUF2itwMsYjCRw,4298016
1rraDxxhWtp0hYsEhExuOZ2J4-76ULc32,4297032
1roRNYJTInpo-U4AaD4WXpL3Oa2ZQalkR,4296967
1rqXR3gcRJ49cLFmEyUxSAQdcRwhM9l6X,4296937
1rn9fKdEnXHf6Nuv6e6Ie4Ymv3VYFK2jq,4295859
1rm9mXWalSIXQ84F4LS2EU8VH-7vsrxvJ,4295857
1rmkki7lO55ebqNuRXWZh2C9LmDG3BlRA,4295852
1rlr5CrlVLxaCJQ7Zitwpsr0evFpLkdJP,4295850
1rlVv4LCTDjUVtJPlES23s4oyO_V1Teza,4294651
1rkJRGFIiGWQoOdgEQb28cXE2W3OF3tuX,4293134
1rl7esmJiZIkxHEhF9NWwu5OYWJAWnlBt,4293114
1rjM5dAIO5Hb5JfpuI5GkHxQ99KxQ-c2-,4290859
1rjBsf4BcW6VMsGN0eLLVUmxnpxVVO_SI,4288243
1rj6vkHJWN5TtLKkf-bIM_IC4RldY0NP8,4288006
1rigJopWMMlHA3YaPxgaL3eMWeVP8gJMr,4287810
1rhMw1JbB2Ux_H8o7J3IWJQcZ_IGH8Pyh,4287739
1rgsN0UtR_P7DztWsyQZqGFq0NbE3ndGy,4285155
1rg-onVIv36x7QbxmrS0qlsXMFhd725rk,4282546
1reRdWQcsCvRtkYkDzjcOf0Dywpk3J80r,4252350
1reeD1rmw4_u64B5NUuc7F7XMc4KbXeB0,4251630
1rdTQ29rZI4Xo4x5s5gvKO7MoLD0vY5oX,4251008
1rd_Oj4KIqolibzVJDcWOPuMEPO-Z_V_L,4248391
1rdFZaq3OxDaAwPUBO2BXneL9eRuk5aEk,4247410
1raI6dLdpCLw9ptBO9lIqC2gu-W68wGmM,4247409
1rb3U88BVsuosjE3Sq4NYNrAljEvgyGGu,4239514
1r_sSZWhN6R2imf4NhAeVB7IFIouNYd5S,4238612
1r_iL-vS4wkHw4LDMPLFhwlsQEH-xHtxz,4238566
1r_X8LbiQPt0WKe-WL8LIVAIcVk7UTSRL,4238509
1r_2TxZPbxQECiaBBbdsZ3z_7JOTLqtMR,4238441
1r_Cnhrbg7x-akD6H6JrG9HdQbh8oek2I,4280620
1rZYyAXEzlEgO21Gdagoy7Hke2nebVsZv,4280459
1rY0mNhQ1RnwXYButfaznKzTufCd9QKD6,4280428
1rYtafD50EbMJA0AcFl0UGLQMeFZF1_CJ,4280177
1rXMqL-A7y4MWbU8dWs9ZgRpxoj9RbMaB,4279513
1rXA99yGVl1H4cnmQ_-zZhwyIrglcnSrF,4278856
1rWrVkNYIoPi2E85uFSezOErrQKBDO9cL,4278135
1rVtK6po6jKcZFFeNqKXtMa3FlKrTveBU,4277217
1rVYF4IFSCGksIsHdRLbaxCN1rTkCqo1R,4276868
1rT_Yfux13zpTK1Ikqd13s6J5Q3fthbOf,4276282
1rSfW2qvhjge4qO9C6eSp0EmFcnzwVfP5,4275730
1rT003NJ-LzKSLGkI2LD1mC8wBIgRbExX,4275507
1rS-TwXwa47QwEI5xls89GK7JXQjjZfaD,4274739
1rPa7GvK5TrMV-LjT1fuwzR10XQr56JFD,4274674
1rQe7ZMByyoGH8pz7_VZa6NlAioCm8xox,4274617
1rP5HM8T-B4uItQkp2yV6uYo3aVdKFD-P,4274614
1rNSvv70w4ldSoo3ip55D0cj_daKeLT-3,4274226
1rN94VgrIWDc-5ntLGThjJJlEsGdsZncy,4272414
1rLy8MW_3rtyzuKyviUoKu6CgY-6wdG89,4272375
1rKiZ8TXyZdZ_CjNp4cYn58rck_WFYMEd,4272336
1rJN9cLJiyMIFuPys6iZduWCz271SjwCA,4271950
1rK6f_WDnlnoxZlIJ8bbMDYn7Z9zkqO5k,4271433
1rJ6o8g2OCPdrufquTRwP_QIlCEL1Blfg,4270154
1rIIB9kugZRQVYxnASfvEBvVEueUtsPFo,4270144
1rI3ZOm_kRekYIi7BEiWx-mfzERykYppH,4270140
1rHgYEPvqAn6yIKKhSvrJInkwxayvou7H,4268684
1rHRuFQCSzr4voj3zai7XSODJNb7CD2-K,4262290
1rGTzLBsayAu8bK9pcYOgyl5zQAxTghdB,4261956
1rHEKsHf31tHFxHiHg6BlLcAd7d9QpIVA,4261955
1rEj68K6dvxWr1daThakVKjhLxnaWjRtm,4261953
1rElMKdK2mTIaSm33K7-zz0xjXvrUgLgk,4261839
1rDSgd7pi3BgM4KV0Chfo3_Z65jpTU4cM,4259596
1rETlBD8MTFvZpNhLbJzCpTiazMAseYjf,4397072
1rDF0jXW8mhLa7gQh6iRksEhDKrqo2DdB,4397052
1rCpDmw7EKrs4GGZEWxW1K8wMZZN7tch0,4397027
1rCMJQLWNqXXjYCsS6qhffK39yjb9-Pk-,4396989
1rCbgYvdW5ad0urdgSYe1Ti294OGCZ35Y,4348394
1rBt5XtX45_cR30zjAOyKHvLB2SoiQpn1,4342264
1rC2asTKl8JZyb5fUoTYW-X1erCO1HWgy,4342262
1r9eW0L4gYko-VZjASMWA95vm7ncRDrLG,4338239
1r9RGwME0UNZ2_uQj0QEa60o1E8ZfqZ4R,4338072
1r8ilXGeSO--nml7VSJC-IWHUomMdagxr,4338051
1r7z3QphhKS2SDNGTrQaSQSGqYOpuLRtB,4335354
1r8a06n0m9b0HZyU17GHgSJazr3g73_Iy,4332732
1r5wv37IgAGOmHkyBGkUdx86BrDVALXwh,4331794
1r6aZWcCokIeqoOLER8F8vgRZQociAiXr,4328713
1r5e37NyCBSLHZi45c_KrREP6UJTQUuE1,4328682
1r5KINu_TwQ96vPqZZzk1uO-AogpeTu5f,4328680
1r4yy7WwrBHDsajg3hLOE3-wybiKTKa6O,4328678
1r5981XHa-l6GZ1mPf4khN4Uyy8GoOsKO,4327361
1r3wUGKRqxIwJDTBEJTbHFptYJBS8zvTs,4326138
1r4NLLnQszMbqwEz9mmVkJuwTRnesJmLg,4326048
1r3mYjektaGgEgftHK1Q-2urqkGY_uXIT,4326007
1r3N6ostWF4rFyVznFoRui8ng_aOWFoQK,4325671
1r2dp3CwjvWkaJ4BkhG-jkGJsWYlHBmG_,4325428
1r2LH4HsBGHINuBUcUOHUf8zK3dZHMHiq,4325077
1r1SZGFUyToEbs9uepuMdzeBRz5J8JCDp,4321605
1r-vCJ2lWz8pIDGaXwkwxb-kAYns5nceB,4321604
1r-8b0b0Y88co31nN_pZaX4IZBTJPiD1S,4321602
1qzz-I3jktlZ840zEd1Dn-tfvyNrL_wOd,4320813
1qzLZNnAKOkSujc3RGcyClOd-6yLUqKBR,4320689
1qzoIScjEXoDHMq21_Pf-sO6749sbv_J7,4319504
1qz7U6x5kDhLxLgVOQD4a1Q7M5Y-co7th,4319503
1qzBGBTQnVwoTnOflzhR1PRAbMXl9mVbF,4318976
1qwJjQMqoa-B1xDUo4Xxm4i18WKZ-IWAW,4318763
1qx2wloEfasRmm7A0tPf_TSJrg22MOC_N,4318373
1qvDuUFe10dxnZQUpd3PS9HRRorU5zIqn,4318329
1qvMUQusqohGnq_Mmzs50CruFP4ZRkZ7S,4318273
1quHNV6k4O5ZP9DRAge_cDqutiQpIHKJc,4318213
1qv5WiCWU6qeYAesayntHogLGzunLsS5a,4317753
1qtSG8tyg3d0j3L-v0oit1NbyAoIiyETY,4317597
1qshxnmKJrX0Eb-mhXc-hbBU0mZ5LRPxb,4317467
1qsKrVC0HshLQnARro6pFGD-q_N677Vl8,4317465
1qs2MAshtCypMkpJJIsBO48DlkwVcREhr,4317460
1qrFDPchORA5vLMnXrs-sOSqLTZYdS5u1,4315539
1qo-i3VNNGyScBcXUgsJvaa997xlSxg0g,4315516
1qpGJODxPQCqOkwZj6g1IedHsa0r4PGzB,4315231
1qnjQNLyOwgMeGJNuGWb8vxS6lyGffp-M,4314858
1qmqDwRwYuSFgEUvhGstHS--ClFln2h-O,4314630
1qmJf-Hxz_x_Ttd5-6yOS7pi7-b0Kbd1T,4314527
1qmJTmuoU0GxxBdslv-7giC4gg1V-sqdd,4312387
1qk1CbTUHp49tRpAdGgM0NJn54QyH_Jsd,4312112
1qjT7LODUJ7swyqLsEqr3YswqQ-J12x6U,4311886
1qjqDsb83mY3RLtJN-V2GUNsYODTrsP76,4311302
1qj5BkOxIvu6n_2iRYIQ16rbdbmRgesgB,4311080
1qirUGa7ikR09kckg8pZj5AlsMQFSu2uI,4308613
1qicIZ1UG-YcmXbQUIErUVuws7UfOD6zP,4307799
1qiPOVr0Pyjk7jcIhQS5e3bQUBUSi7wEA,4306945
1qho2fuvD8eEUGzxMRB-H_gg_XNI6RHOX,4306932
1qfClM-Rc5zB9Guo7dcxUpEayVBxozLQF,4306351
1qffnonovEUvZ_HumJvoR5ubaeEmWME75,4306216
1qeU3AjmGQfyfzkxD9-IrgOBDZ3oH7J4z,4306096
1qe8wPVespH-cfvgtI-pq-Ke9PApM6KSK,4305936
1qe1GmiqBCHptXsqS6MAqU14BVY2pjnzz,4305897
1qcr2oU65jXtDWqeiYud9VAyx36kaHiDK,4305328
1qbopyE0WmOtBIghk47lHdYD91T_qmt_4,4305237
1qaOztPzKkofpkND697JgTSaIWg3-nE0u,4305004
1q_reNZPg63IHyfvMVZKXQ8FV8R-IBhFx,4304982
1q_plPPggNLQvdAn59gYcceyLapTDpgzY,4393771
1qZ_VQYVbgjeLTq_R13jZUHldbk0MSdb4,4355083
1q_ZOjH7uY2nQzO3QLyPljXANkg8Hd4Wx,4352730
1qXjHXgoq88G9X9Lnb89i2bH8d53ozAEn,4352704
1qZ5sRSYSCYS11Twwlh6wffflT_8SQYlz,4352607
1qXDlqUrMJaLGP_7KwZOZYDUHphdbCTwT,4352597
1qWlcgOOYxoo208gBPAvk0ENkqBAkL6pY,3661036
1qVluH87fD_iDbBi52V8MXXHCFFnpwMa3,3768727
1qV-cLUKnUs-bbaH5HfG4bEv3DbAJBaRL,3635320
1qUblu2Pv_Q08zckVa92X544Un14R1dI6,3748043
1qU540FghWXGWbWnG2rmzJcgpnujFLhJ0,3800552
1qTbjLqqzyi6jz-NXSTZj9K0QIq5HEsU_,3798888
1qSz1q-HRL9M1sHYwO6OITWdJCV4tQXV4,4210023
1qSFWX4hITFJl-X1YUu0NSHDL43uvN2Vg,4209886
1qRXINptNzUamFzCyTbD-IDJquzBCuhly,4209869
1qRgu0usmUI1aSqgWejtx6y_XCHcNXBCj,4206334
1qQmnVwSDct9cDl_pFS-NbuK4tHbgWs3V,4203717
1qQ6HQB0CmEVmQTeRM6hweCyNq-0g8EOy,4198719
1qPScE8fExapLCsIstoL76tLbBQXcdSsK,4197157
1qPo75Auns_gFsHGZ-ebPteWMSFy8KZlk,4194644
1qNDXPTwb3CbDaih6Ot-TrxeTAjkT0YnS,4191568
1qOzMcxbEun-vjVObBQLiQy0If8WMl0q7,4191182
1qM2AfFf2rpUc4xzxBG9dlOxZNJrQ-Nlx,4160822
1qLhqWXd-na6ZQ3BSpT3i_vyucDxZ0Qre,4160656
1qLL1tKZSvFiiYTXq7GUOj7S7TYeQghfL,4160600
1qLCF6DrJME-PYUsEeFaQ355UPlaXqde9,4154349
1qKMx5O_t33PmnkfzX9m4imhsd_erGFdR,4147010
1qJ_b6dSuSaNCEAwZxzreEyosF76HGHlP,4234777
1qH7Xd4nsRPAkWbKQrT-aWz_9uQ65LE4q,4234774
1qGStDPtmohOnV7fwTzHjZRh_HiTBXb_q,4230017
1qFP5BctdwhDAcIe6cQMRtkJ7BcGZETxR,4229881
1qG3ylht39lMBRoFVuyHei3SYWmLsAj1P,4229853
1qEs9h-20EK03QEEjRf7KwVhwoj2WVRxX,4226993
1qEodw66ywjuukw23G3G148G0_M_FQh4n,4226970
1qEMPAPGgyXckJLRUx8C2Paktqzs9v8cg,4226073
1qDdugOyV1M8ugGCPQu8_RVuV6zb2tWhc,4225622
1qDMKWg4DU0Od--gLRh1rHyNV8zTHcPed,4220566
1qBEerj9LLzh2toh0vujAWyQT23ENUZTd,4219391
1qBbQS7SS-Qi4YulgX8PZg3hR6ET3o5Hg,4217918
1qAqWjx1znpJjk0ISza_TjtpRs--DGpng,4215813
1qAozrl7FAefXNWirxCOsbQ0GtumueW9_,4215405
1qAK0-isw6ymLZir_v7n0x69AIy5bAoky,4215401
1q9pATC3cvb6w6YgvxNmF2R70iSmlZMke,4095938
1q9C4cq7xtKU-H9IXdi2AZ8Au6BxXmFto,4090968
1q8PfFcCAcWaccdcOGApOd1jrcFMeUSGN,4090947
1q7rESkw8OchS9ZzyUJ4NnHhzSs69E0hs,4089009
1q7I_AZ9XU7AEcfTL9sST-HpOGeF87TSY,4073113
1q6YP4UD8cosbIN4xffprbGnUVNVkhYaV,4072853
1q6HQKKp3zMw0IXK0zCGmjEjVGwgPzEKM,4072788
1q6LtlU9C4PQ7DVNreosEddsSbxjBJTuf,4061713
1q5iLYk6O73L7ERYzd2heMaEWl4jYtz9a,4120854
1q4s0vFK3K7oMLsWyEDKKGtWZiSJtsAUV,4114820
1q5MnlyENA92GxRMa1SMz8LMcH5bd_AMT,4186485
1q3W6IXEqGYf-PTbI54C0_VqSUyz2_INl,4186217
1q1Xylq9Gv5NDhozuqsPkK5zw7lTm54fa,4179746
1pzmc2D69RpqF7ZPT_pY5y6Y7LjZsQCcT,4179071
1pzkuIby2SpfTAqOcu46JGx38P6Rgrsyk,4179069
1pzeNr6cx_bb_ZZkhih2fAMia7dFRb99R,4178126
1pxcubpyvD9JdjsuEEmRfQv8yfbP-upu7,4176960
1pxS_YQ8lqGzC6EBjccCs5HsduJ7P8nm4,4176747
1px5JSjVZTRNvYJWEn2ijCuTQR3hsmLN6,4176632
1pwjurWviD7oi_2u3sfeJQY2eBztn-n34,4176559
1pw7hrSDDTuANy-73CPcHnE8u0r3gUVWJ,4176557
1pv8I0n9j_5KT2Yy0RTqo8M7IjlRrSnkJ,4173235
1pugizJexUhLs7U_yz8mscOK660hdHpuP,4135314
1pu0Oj3XN9MtdAS-_9D4gBj7IYbKxw_Hr,4133455
1pt0XG6_RZOuY0t_1jvNh3IaIODFnkOTM,4130390
1ptHHnrKqtIWCbkbKCcYRarVBdW-WZeX4,2979835
1psTYObpQG3uShPYhBdTXejN3Hgu5nm5h,3186120
1pqMnWdfdROXJfPgDTVrYzYE6iB7DzrlV,3174655
1pq3_0-ivnetw7h4e9qG-wvAYYHoH6JiI,3168404
1pp7xfnZF83-X2UWT_QHrWUubswvRIRbA,3166377
1pprMTNveSMevENTfv-hdy4tRbAWv9kkH,3151249
1po-Er0bCU9tBOD2NKW1ipOsLSCwtciu7,3329327
1pnfne_0tbuonJDsnMkza4HiSVOmn4Gmm,3325359
1pmVF2qKMdYG48rApILnxqESAjv-MIHgT,3365921
1plH2Xjo6NW9G54MZPR0Z_pS6WUKVPDIq,3305365
1pkzVbcvSA8vdek1jrkhdPUkwQrlw5v8x,2119645
1pkC0iHAJKyifpVb70eS9CehpGWBGFLbo,3130329
1pijL27AE6Jz1UtFiArmiET-eoiWNKedE,1889904
1pj4VfeB8fZSEwWFhsguQ3gx4MHlP__O7,991369
1phXdbCXT0_aKxssCuCayJgkPUEf1B6iZ,1614669
1phAcCv60eFIjbtOweD9DXzxFxvBEVcoU,1572506
1pgh3DzPwUAXGNHkglMrLaR7lAf71Abip,1541427
1pf--jIBoQxkvvDL0PLJvbm0Qztlc7xUv,1539916
1peKyTBWLNDNnjZAYmg3nYzv3MtRplPyG,2318486
1pcJnoqFEdHEMGj9S8pLG466VbNvMDQCc,2312496
1pc3MAoYqxaOY9e42dcE-VaCCvHQvQ6PQ,2459635
1paf8Uejv8-jPS1I8sc28JjqDv6TxFVTB,2295109
1p_xmOHkEBAInzc3MeyrdXZtPBhfI0gAJ,2876204
1p_VyWfuFbkoFX1G8rGYQObS2zQWUcCAO,2890270
1pYdAWpyLtyU6zdW-QhmM-4D9Hb5hiesI,4388029
1pYAqjZJhArkb9Y0W8i7qpMYKhekgCMli,3964034
1pXfEWTN90lv3FoR1Uz1nn6hcBZzB7XpT,4328746
1pXG1lYlmUzYihQ0dJvbJOugIzHpqJPk9,4455803
1pWeb1ojB_E-OfsNohkSTSXD0R90PZunv,4442894
1pV1hCVRncTmFKxxMWkXJ8o8JUaXD1c5T,4442892
1pVUtgS1MNOBpgC6nl-DdMxjT_b5zHh9f,4442574
1pUq5nGI2v4uG03U5VugbKBIswz5PHg2L,4442569
1pSxEwDtb0JJytvxcsmJRKMF4ewSe0Noi,3867528
1pUYdSKYQShpyyoHXG_5TiuJQcPAgcteD,3866466
1pS1fOUaxLfArNVgLyq1x-UAMQun722sn,3862912
1pRH6iyoRpST1735T8fCp6JFar-SzV9QU,3857982
1pQcgJmB2GLTwajt1UoJmbC-rMisqcTsg,3964141
1pQrqD1G70tfOT7ccVXzn9NBwqBiOhSWD,3963114
1pQUBoqCs64Mkh9pOsiwJ3H4lDF0B1Tya,3956155
1pQNRH8BX55qRWt4ebCwkEQXgnRb3j7Ig,3953602
1pQ3WQJ_W-wnD2hqkUuxoqiEls0yZdrpy,3873842
1pPh7rcYvTGoKBzRbKNTJwcvZvDxoPfsA,3970772
1pOFFxGMBzSD0NICFNSNBCJ_5a8-RMMt5,3969879
1pOgt75UcZYZEp-l6a918yRff8di0dut6,3808585
1pNKDaqtcDm4d4838JVrAUVJR_8jzQ1JU,3934760
1pMNSct15DiTFbWTbebPUnA0mUJMBOw94,3930778
1pLpHRNes4Yk31W8NaSHs5QZxEiJokslX,3930777
1pKvuuLoBRD2VPptjQh838dV4q-Y5htDj,4025403
1pKYkxOmyRbuBqC4kjZ1aabVIX02cocbV,4022613
1pKM3dZgFXuhqHi-WxNkXEg_gohPH3ifc,4011257
1pJaTEv8fKS9E_6O93uUJxjO8T90vt48U,3842978
1pJ1SuN56joKl6LlBljTjmOkm2Qnkbh-h,3538003
1pIWQKRXO7OgrzZCMMarfEI7V8S-TZYXg,3537095
1pHL9KjDG02SLI1GONAqk4g8vUWCUUErC,3530990
1pG4dhqF0_Rv80UHOJzfvuY_p3d2z6PoN,3521301
1pEvKVujlkx0IF-jlLCJSQSDfa8GlHcfU,3447976
1pE1FzxZBmrio0SdSDWPiyHZxqm-0FL-0,3492645
1pEDu1tXtWQ_A2hFrsMhS2e738MhovTns,3398374
1pCQT2ao0PmqtTxdKrOYRw4G-jn8Brrx7,3398352
1pBMBjqEbTxBor7mKfQGeLIWzDaO6plec,4301146
1pAeVT3lS89AoTEuftas6CimiD2UPNVLP,4297184
1pAVFl1oGT1DmeUf1_bNj6pHrtQkt0FTd,4295843
1p96pXMVnCm4MjgA8idQ9dDxviq8-myzr,4295750
1p7MuK_rYDK8IRYYDD44X5Z9vxWsPwoi6,4295590
1p8E-2ujG5ZDTwsY8EOPZYbK5JD2dXoHO,4285289
1p6bV5bOXCZll3ttFMTFd2t611VNVgii7,4435311
1p6ArhxHXi1YTvrdHx7GD4qRn13i5nr52,4434826
1p4rCE-hhts7CgUrGzgNo2d09sKcS2qfJ,4434822
1p3Q1io4yFea3qfuTEMzHYKVPSweCQuTi,4434819
1p4BU2fhfJX9sm3JwKYox6r9gyeJ8u958,4434778
1p32UXcBjrzNTrPtGQJ0CtGnuSBrNJvIQ,4432807
1p0CbY6OXJ_aTH0Rs3IGZB7CSVaEyx3Wk,4432698
1p0dutALAxDeRf7CjvoJ9k5Qfva2ZCBlO,4429761
1ozc_RlFXpPO53S0UkZG7ANxs66HXAh8Z,4429725
1p-AP9Cs8lECWqTeDt0o9nRDlQpMIABbH,4429255
1ozEjzSac-7ph0rnighGNRMzcmj0_McqJ,4427601
1oytvoRZ41rOPfBp4VngEbHdVVbnPaQdx,4426159
1oy59GPvkZhyaMdggoCTRqfxbA4IOCLYi,4425615
1oxU594DwyLIGNulm0ibDiUUYG5FDk8oj,4425582
1ox-nIak9pacUIOwiRwVOqwaVEKNPS7qx,4425277
1owB22ZC0vXoRXu8sUCBm-15Ej35jyEY1,4425052
1owpOE6wMSdgO6LmSJ_r-r9HHTgD8HtJL,4423434
1ovzF8XCgGj7gMtwoL3Fwla0logsPGx-w,4422130
1oucixgxdlK7pmP9UVb9H5fHKkn6s8K5k,4421983
1ovOUxB3yD505Iu7EiZ-693nGOut9zxXT,4418693
1ouX_MyQxa7_n0wBErQBeSwr_xaK6bzsx,4418649
1ot87gNl0MjhTH5wRM6_bpSd6C78Z1iDo,4418438
1otiJIuI9oI6P3ZRbK_sCBWZPx_iiDwva,4258312
1orNKa_yMz6kBOXGa9Bf_PJLELexA8ijk,4257951
1os3T4qFb4ZBYdoN_d4DJ-3Yp_s6Vwa96,4251911
1opSzT_z9SKrcU8ZtqKwqJlzuP-xPoXoZ,4247218
1op3b4yN4qyVTNm4zt9MphLjgtmUy_puB,4241315
1ooV-0qD0Ksxdiaff0xFpiFh6LzXTv3lN,4235481
1oonk4vsCv4BxFYNaryp0hDVpvew38BSb,4235458
1onkN6G4xSGPRZPjeOlAzLDz6T3J1Wp0e,4277559
1onPyrLcbk_h0tu6CBEaIdffAEJlABq9t,4277550
1on7DKPpq9eBPw261p_BOdXa8FGy0rNbT,4274788
1ombYNE9twBIXtqSZs5rITx6DlSZ8KzA-,4273608
1omWSJ-gmXhDekqG0DwYqqbafzcTDnhpM,4270463
1olIsu-fIQCb1-_svhW-krmjcY2e0rlqc,4267207
1olJoFEDY3Lzgk3GRnnxBcDaOM3oylwtI,4264819
1ojdAi6kSVxcRTAvXBSHh2hDGaSFJ4eIB,4264712
1oiq9OIkQQnIvIqVy2O4Y-bGuNEcFsNjr,4264709
1ohicbyobZQKTlgBNSg32VavL7TEpoEtA,4418031
1ohIuLv7E0hxdgenoM7Er9UHCEHZz4xeH,4417861
1ofb3I1ZpM6nsNc_hticFAI2fjsGsEVJ9,4413889
1ofBXwq0HdyHuNcQ7oUWHyt54nPHfMVjw,4413342
1oeq8HWgUPkZ2CFIOk8W5vmt6o3woy8S6,4413158
1odj2vcU2F66DScCTbwWpR7VoEyEQPbMT,4413152
1ocprakfKyZ5Ouh3DGdF9NyZ8ac0kuEX_,4411929
1odLjB8yZoFBZo2u37kjVlO7DEHBBSwnK,4411477
1obvdmqsUHOFCXbfMkz_-CnS4l57F0m1w,4410842
1ocXEkzwwF09A5tM6I3vQVdQIldQ2oyOD,4410369
1obZ9FkO0jlnJURLwgqZJkz6kEd6yXuag,4409052
1ob9Il9QUY7PS1gOIwSPh_yr-VqnLi6pC,4407468
1oah1GRFwtbiDMjElUGRHUWVXzLazlSbZ,4407428
1oaoiNr17hFzlnb0MTS4PUt7e87JD5gRY,4407380
1o_-CzBPQwy2EP9Baong7RbKziD4ggszW,4407324
1oZYUD6wrqycIOc_BxbUD-khWTOpYV5vw,4407320
1oZAUjj6F4YsSydNioPlMUByJ0TOTz3lu,4406725
1oYhqwe0ioJY_Fwy6w3OwwN3D90bDyQgE,4403871
1oWYzA-W_1BUq1v2jhDXNhaRvlYVhe3y5,4403869
1oXhgH8GqWRJfqJs72N6tPNxZEVCr4kgt,4403612
1oVvsyi9oujxtG0DXdmbNWEY2SkZ7mib5,4401760
1oVZS719giukATL0OC2TIpag5K_JQ357R,4401757
1oVjwT4fMsy5ih-8O3NVvJF1I2ntMQVZF,4401753
1oVGJtANH6eJJqKLETmbgRX-hzE1yPhoN,4401752
1oUdfZRPSer6d3rGP9HzdCBfW-yijThei,4397694
1oTyqsqcge8TkziDW3slBM3FVRTB4yN6c,4397675
1oUYoysOpGs6xfztmvtsRCB_wCWD6kU1E,4396796
1oTkMTLcQbFLrhyPO7n-VZuhwgogniMrq,4395543
1oRvs-dgV_TdNPNDP6fqoib26bBF91sCJ,4348368
1oSZkuzgsp5vwo66gQb4aExw9qEorTl9P,4348033
1oRnpHWZASZqoJHtJaExVSpZHtIaX1EfC,4348026
1oQm0xXGzF6Z8wCZIT5s8A-6sJMe4xrxj,4348011
1oN_Y0BSeJuYPa6-MjhW-AF4zQJKoSHEM,4345879
1jWfP_OyQsBxX-Ny5X4UOP3JNbUioTUdQ,4442951
1oPxvHwXy8ftdD_d7HJhBTvI7vCw3P28q,4344351
1kPvBS6y4MgKh8amCTJbPuDwCPnCMDgDG,4112821
1jWShGndxz5Md1A_rVvnPuzcwuTgFScTk,4436939
1jW6JwCiYAebDcjL1P5ZL1ltlBI-8jayn,4433151
1jUvzIvqEwuUhI5BbjbBixEy-meHrfUqt,4339906
1jRUbBcpPSe-K0cnC-4-F1L27Hbt-gYqM,4447296
1oLX-d5JjIp9_D_cQaGnx64lv4bXQSd2D,4343674
1jVPUfq__F38dWoaNoA0OtDvqeLx71JQq,4413150
1jQR8jHGOr5lQgOVFDy77miScifgy7csK,4444673
1jQq255-YgT4JHxcRjR7vcLAXGqIAz43k,4444272
1oMrmffn-ztnK9H9yJsqY6uMANcRaSFSx,4343345
1kM9zprzDWXhmOFKPi2KxwXmpQANLA_IL,4108195
1jPTR5aBaIEIl5j62ApFIevoVskbgZSNe,4462699
1jQHoTM7K6pQ1UWLBZiSQHKUVZ3ein_E9,3743223
1oLI2mEsqRoxno3G7d754e8YyWzRVyhIH,4342809
1jOmdp9yju95QjOO1R3tHtryh6BLRjBpI,4462700
1jRE3iWasDjOUJFQVoX265XGDr6aZXMAy,4403608
1jTVTvLNfc2QCV69RpBDXQyb1Yx76u-tJ,4447277
1oKE9tcKd0HE442bHDpl2KsQqpKls-j21,4338791
1oJfxle03Z9v7_-YFVKZ8n5zno4n3-ZPy,4338188
1kO1KwFUlrwd-Ka3ce4U0O6C8--7v7Dpj,4112701
1kLxtjZqqNPkXaCGOvXI224oo7wkHfvkU,4108106
1kNDZKyMdtf5gP9ha9HUgmSiA22aaYTC4,4110203
1kNWFLvVpn3JcJYHg1WZWi1udkwEoTs5b,4111199
1oJGX1DadoNp7XYLciJ90LkvuU2XAMsxc,4336630
1kOsOXWbfH9zD1IcmJ3L1XqV1FyFGq7Hj,4112209
1oIVDYCHotPklSb7bQkp-IRcTsGWPu_AK,4333374
1kK7uoaKsnUP9RDtluEDVNQr_WpYDgh10,4101812
1kLnm_yoA8O9c4ni4QeR8XjWJd2RBckco,4101814
1oHJmGr99hvDz6aGysJGT_12NuXFFRqn5,4331685
1kKdhVhZ-vftgFYpDO2j4vSBwd5fbmVkC,4103050
1oGgP_m9a7cxMd_9qxWzXSgqH1GT40umU,4331426
1kKU0SimHfhZ1cXzmv-qa0q5-jgZSh-TX,4101810
1oEWdHcmt4yJBtyi6h1OPoNFXn_VWWIjc,4329567
1kK25Do3qOB4_l7qr6SrGHHpcuRYr2S-X,4101808
1oENvi7EG8NhzOtAXUZ5oMsDwM_NK6rsS,4328879
1kJggJlyhFlexI4CXuoKiI1y3GBhzSghF,4101807
1kJ9Xs8j-JDluz2gJY5dT5T2Rsv_786n5,4101804
1oDjJVHZutSBmgKLmS8e0MpIpaCIA8yjW,4328849
1kIuWTELRbUoWZREhvLYg6Pu_Eptow2xk,4101802
1kHrSgHNw0q5Jidf-vzKnxjzJCpWkjKci,4101801
1oDeZFC6gDwPFAdEmk_Shn0dJfrQ9U9zB,4328363
1kIJegsG3UKFaWEfHbjhsTFSc3uWISUrM,4101800
1kFlXgBBODEIf3TVm5oBuxONHc_8CSIET,4101774
1oDEb6-1fDbze3AGTB7n4iqqBWxdIdwQR,4324337
1oCMZco3PBQs193GMIcfXF9h58vtiPXHX,4312410
1kH6ZfsXsvyupL3KsHjWJfJl-uYG1xBvp,4101362
1oC8XOhs5Q2tAGPQbYrxGNWVEjhcqm3dE,4312068
1kFK-MBMRPx8DVWaI0SjibHXL-WhLuEbg,4101085
1oAt__Kwf_o1L03jcPAa4QW2XLZpTl5U3,4309549
1kDZge81pej_ObmH_V3e81N5chcQIpLa3,4100928
1oAWNuTPdtC7Mcog7N-gMTt3fFes9_SQ2,4309215
1o9U4GGpZj-oellMXOKsO0igAlUpK1CqU,4307077
1o9-WE_3uDiW2quJBMesE1XVI6-sPQCfL,4305051
1o8gwuB6jq7NAqRv0GLD6rz3vDFz8P54q,4395112
1o3unrgy7xs1YEKvu0Ms1IxSel5AGwuJ6,4393595
1kCysoJvzxeVo6vo_0O0BdSiN8YjordBO,4144455
1o5e1tZq7Xue2rpdf00kQMAcCzd8vXaWU,4392505
1o6h3J10G7KELoltnH4YiaBFtLHJmtumk,4392118
1kC8WYEAYvbmGZZw8ehhlaDAurp4UVCUb,4144440
1o7RtfOuQ4wXsznKiAGaRrqnPTV688vE0,4392067
1kCQ5VGyrRI7rlMgJMDAMzI9HrFPJvcOI,4144430
1o0sfl9WiCdi30Ip3ImD_QnEpq3W5uFOA,4392061
1o17Jn2oDsrgQJ7-Yx3m2QDrf6L9QkuCg,4391831
1kBcEBB825DqpbL55_Oxqhr9P7_O-ZxVw,4144425
1kBQ0yf7tLiMBHQM_LXYQ1TWl2L5rG4q-,4144317
1kAr30Y6pA4Nfe0OGzVHvYv9147QRiEW-,4139040
1o1W8FYBgIkVWJ96ODvLJFUYM0wCyOTIH,4391826
1kAdbQZRb44IC6JFljzYQ_DxaN9ATSTrU,4137580
1o1qfkQ02xnhyF-LqwSwLyffCSkijAhIO,4391031
1o2aSPEC8PITFNaJHfVLis8aIfXf57Diw,4390969
1k9IFQ4ZJzDbMKRmMmzDHkknpt_x5vGwj,4137577
1o3M0INs2nGSXoWG4wvwtX_xeOW5SvkbN,4390498
1o3hlWp7Hq_6_RGDm6wC0gmWpxp1YagQG,4390408
1k7qpo7NUo6asgKDAHwk7-68wVNNQEmMc,4137573
1nyGLSAGZaKOQxexrPX82aQJJhaUrxUJu,4389428
1k8CxNESc955lfsnjuUwXk7SQVakaQ20b,4137571
1nyYe1uZbPw1zDZV6i0X1XgMXJkyfrxeR,4387614
1k6GI1P5clk8NL_Y1blboBCPkosS92wpQ,4136135
1nz80y-hxBate96guUTbBBO9MzPT_U9hD,4383551
1k6W_6mWiZH30kpYRMv_KaBpVebwpzw76,4135392
1nzYNf_2SV7wtb1u7LVIoeR-OmpugQDLf,4383545
1o-Kol8B9Uq7t9-RR9Mp6oHIW6EsSOnc2,4382975
1o-RjszhCKQhPz3cg6TDiIbx-O-2aEba0,4381717
1k718DTXJIJiWQkY9LhJhKhimfmVnHtQW,4135274
1o-vfvrCQ093o0xARu3VQMgT0GOkcqVpe,4381662
1nvbOE3JzXJMGRNbEIE_6APei_0mFg2jY,4381659
1k54q4T7lH34kTiFGWF0eHMHOfR9m0FLM,4134783
1k4DiE_H_7e3gx--7mC9-cNCfJrOvF204,4135271
1k3k9oA0a7t9c9Bh3lD5PjVJWWpd4Citg,4134782
1nvzFPVmygMyBppPVL_HRhHdqtnbZdf9S,4381004
1nwK2M8uu8DTzX_LnF2G6E6u-pSh0-0Dn,4380968
1k3eHbb1PeBZrhfwrZtoUKgQrUdp8qC0W,4132544
1nx1lhR2j48IZwq82ikwFPqZEOjgHq_T_,4380935
1nxL4JPiFA2fvTF99jabMW2gwrPluQfzy,4379988
1k0CzWD8xmYRSuOACQHb_8xw8QxhUKT1t,4126050
1k1NOZf6vvPUZBzEmq3nQgXOWGmtbXX_X,4127387
1nxdpGEwUPvxpnv4u35Cco56t5AgSZM6x,4379934
1k3JL-XussvPHzYQSAc_UrRQY_HZe9Ffq,4130396
1jzdoVAECHmGxJjUe2KKNoiYuekWnPijC,4124234
1ny-SeeOVNVMyDPzezLvlDi3RzoNEuGDt,4379914
1k1kLSQrgDWYHj6Bc1Iv5kifxU2dWUwbE,4128437
1k0bjmaGyQfGIIKUkjWUYwBKGjZrr6D8v,4126109
1npGFVIOEBVhCHeESN2BLgqoYgSTqEbAY,4379892
1k2xV-AMYOrLKkDmcczglyOXYVFsqL2BB,4129054
1nptlS9tcZGcOoIllepKjgHid-j1FJ-No,4379599
1k0rnj_DOsfxQdcB6vNn5MqiUv9DSvxVA,4128234
1nqJQMqiN0rUOkTz6370gymDoFRmxrYtk,4378734
1jyBE_sNZxTPac213_Xh10Iu--NwbjnOT,4124287
1nsu3TtT6JuKdY9HAU0HKtXeDqCMjbWSS,4378732
1jti2TMignjwQ4yqvOwebt2IRdXZVG14B,2528535
1ntKc6AEbfjKnKATVuAxowPHZj7M-MGTH,4378727
1ntkjlspWkOpHKGq78ugLBgadvNPDfyPt,4377603
1k0plCJH2oeVMtXpMXKX7GZL-VyxlIo--,4126053
1nuJfkic4XFrNAD5l2szOUbrHELHQXWu6,4377289
1njRkgeFKlNe1isqZWCQ4y2SThKVEbs5H,4374815
1nju53GDsDWVl8x8PdbNGG9Uf4lc2eu0a,4374814
1jsHDE15Ah0KWzVBmMHPZLVZChyvFG2O3,3364098
1jvAFdI2ths8qRKwMtxyD3bTem5cSDA_D,4124154
1nlFkLSGOtKGNmxgBHYW3UEWGWV6q0cbS,4374605
1ju6hszSbx1z8l7IO344tQy9g4Lbd17R7,4124119
1jtUAu7rMgs9YkBLExGlsdTw-8x0zJXaI,3174776
1nmOesVymZ3EkbLR7_WLPCZ61e7-ePzLK,4374602
1nmzajsiWfWKmg9EbU3XhYaGmoF9gnvMO,4374588
1no-TtdKa2lHDET9IIaGEbHPbsLU0iyzc,4373613
1noMcj6q4n3zPKq5rtqQ-g03ujPfWZHnK,4373612
1nfmK46FMdVvJ88BkIsRFYxHBwEDrhAvw,4373533
1ngFJkIxvK85Ku350EHd0QQjNqgXNzYjt,4373448
1ngxdnjVZerNrFcwNoF9vqd3DuLDEWVOU,4373384
1nhn_-i8_BKA0WgHsWuho8TEiY454lTyQ,4373383
1niQNfUcyyj4mBS1thjXSN52QztT_nH4F,4373330
1nivVlzvqgiDqKN46Qja7GOBpsGEssbwL,4373327
1nj8CnLGE0WoJNEMEPQAKxjOTKgqGf3c2,4373302
1nbRJZ08A_YjqQ5orljAmZ5ILBKbOIcZq,4373190
1jqpfW6-4d6Xt5EqymJvMn0hfl1m-Y-KB,3359409
1ncboFVBVrEDYf0EfgAD2Sx6q8tqX2XHC,4373060
1joyAJ5fuv1UIioD0fkQvdQNyR_FO03aO,3111248
1jpwrtQt7wQMai_IrmcTSdrUdeLx8hZTZ,620988
1jmdtM8piEC4YmAtGAglGmHuYS95gnlrT,899940
1ndFy1YLmThdwTjGSuna91bfH9pRFpgYO,4370411
1neIRz7HDq56TQU4tWfWJji_3RqrR5xW2,4370362
1jpWEvTSgo8MPxePykRohRXzLjH8tZR2W,599636
1neQfpdDVtgSs58cavoIiu9o9dubIt9Qz,4368706
1jlLSWi-e4I6Bw12Pq3s5zTaf0xjZDQpK,1541429
1joloya2nHKBHaeAdrBTzaylFypF-97GD,1812886
1nf8A8JiRpkfbnvSHcwhxvmmIBp7Brll-,4367269
1jnS3KHXQJ4NFepgTXhzPTuW4qszwqbdN,1389758
1nfZNL-_weuEFV4OG6FLdDUPtOrrCRCiW,4367194
1nYGZlR8KxueKjAELbqcyQsikSFmUHlPI,4367153
1nY_StOfVQh7aH8Qu1VytBg8TBG9443W9,4366907
1nYoF1x9Fbi9Yjbj9A2qxu-HMhQ1xi__p,4365385
1nZMVI0jTmxpZ0Z39egx-0dZfMIGX2CVQ,4365364
1n_QAUlCP6OXgSYLZ0ExmDWyqFySz3y8J,4364196
1naRujns3BgQvmc8G-tOxmjWNCn--gSzn,4364152
1na_r8Vl1ptsRJBXkh4HRwXKErZvfVDDJ,4359017
1jpNp48itaYX7bgbUkDbSUnkGiGxWAoox,3111268
1nUBqkjlS6Ja_z2IduZ-ejWAdk-GJx4Ll,4359013
1nUYaOvyi2LK7kDiNUZg4kEqhX9lBBDR3,4359012
1nU_QBqeukovBUfK1IXP1Dtl1kqPlR-mA,4358501
1nV-kiHtZoeTNOyDeOE9AXt5PN526yX_0,4357667
1jjKG6WZUuhbR6iq-GmQDteuCg0kWzDYs,1172191
1nW-QJdLUkdM1h7_HrNuDiUc-tZFQ47bU,4356172
1jiLEJvSFiFOat-QAp5oKgVBfeuvClu3R,569618
1nWF1T0WaNUutXTLKL37fA74wT4-O87R0,4356170
1nWyr8Mrfp4op0Q-S0BgQeCRdVbV0nH8T,4355077
1jgPo-FB8L_x7l-mQdUiQ6L7OjF-nkjdN,3964057
1jj8uAcWR5wEcCTeDSHiaZRN0qewckvIp,2927976
1jk1hPDuyp6lB_ufGGCFSNmLn8n_VZcf8,1035404
1jeR-WFr6zjYb3Ov5dENMoNQD8j1M6Oo9,4461006
1nRCgL9jaHQHmDdT1lXGJZB5yZzfjqnGn,4355058
1nRR-p3uEJTw_1a51JqEqhXN0B8b60S14,4353875
1jhctc4fAmUIIrt4A_FLrXkEjcNT4HMAw,487232
1nSCdOWGtuzje8qSxx0Sxc_OloaYLkd7Z,4352567
1nSZj8tr4N05T193T24t41CZbY1dOPezE,4352566
1nSg_cWuvXkSfRkjC3Gos2wyGq88c6BeZ,4351037
1nT-_6xaCviLAE-ZfiBZ3QwfWv_b_EBpX,4350757
1nTF1HrCVfSD9oBe2NYaVi1-mDlDAM7oo,4350517
1nN6Q7FsKarHHozmPuCW-xD5VcBqijY6a,3669645
1nNpRvsE6N_2zjJH202VKxlLBdNdV34H7,3654275
1nOJboR5_qYkRgSWDs2ouW6opSoipByfz,3776816
1nOnAhDYFHUL6yThbaKAfUiseQx-XgxzD,3750890
1nPdNfHmbfW-c9nwyVtwLSJt3NuSzG5NV,3742795
1nQGRyj0Ta4c1araV2iQGipuW9J22plLk,3737473
1nR3UXnijDmFldmrj9TsdOsDXQWbYmRzC,3737418
1nJOJqyd4em3OsAzyP05h5IGsyZ-fnx33,3733453
1nJmNIPMcxqASskgHMsGQnp039QJAPIrC,3725467
1nKpUc8hg-t7PKMSuuA3s7nf3fTS7VHCA,3792918
1nLFfvnaPQb2_9gbTPQGtahIsfRKt9vZG,3787000
1nMAzhduPj-OnSFccBcmkoJI3nSusS7Bu,3712467
1nMHW8TLZyM-LI020UNRgVBOn4lOBPCFw,3694710
1nMq4fvZi9qPQFRY1_s29G2QPYNlVIJLQ,4211335
1nEI3fzJwbRtQpMkjWSU4z4yB2UCs2VGb,4209554
1nFbMqn_MyLFgsHugWhdZahy-dwhMDjMT,4206339
1nGE_fuzv10nUNU0I2Z-lzTHly6RTMoAS,4203707
1nGdksEkgUoGXq7IsrAK5v1pkuldSjWU5,4203128
1nHMDpAm-Zfwi5OME9Ag6IXA4sWCNwpQ7,4197022
1nISLt33PamfIw7pXGqBSBYMNnB8uWU87,4192326
1nIzauzTTW12QHdLUpJtik0G_w0g6u619,4190880
1nB-1SPexbiZQMhRnA-gGCYZIiKllvSrd,4160977
1nC7VMgs90JCeS86o0yckzKsYUjc8l7Tc,4158963
1nC_6yA9TTnuwQee_R0LusaXqd_PW5ttJ,4152629
1nD2-RVAyfmfTD0mR2pdautn1V1-Y8iZh,4148024
1nDIoEEK9fvEWLVnbUjAqs0NX1AmY2awB,4233425
1nDQQF5__QF35CNQnXt2nrtnFVKiN5Hdv,4232098
1nDqrxgqMnDMWaYlMvUHajN5x3yEelXGY,4228555
1n5rlKgGfqX0Js932BtTHTaXzTIrc9asX,4220394
1n6LKrJHVeJBsDksRm4Y_mtGhuF33Nl-0,4217224
1n7JiESHdxTKL7CV60ldy5JRX889S6H2n,4216848
1n946NnG9EC-lDDGkxdLh4th3KgnWY-A4,4216390
1n9aCF0SzA_ku_2MUdyssG0F4pNNz4Vs6,4216389
1nAAybA3xdH2UHF1fsD63JxVlBsGa-MY2,4215983
1nAKAxr23JkZXadXYrpGTjXDax2kUERIi,4215952
1mz0imaTTNhJr0sOaxeyLsbs9G8O6O8JY,4215665
1mzwGeIfM8gBZmJI9xQ_PAJ5Imv0NwKJ6,4215513
1n-veZH_1rV8Cided9m6y3w1XOjGstApR,4215445
1n1u1Cq5UHYAN-EKXBVwi3XSLxKSLqRxm,4215278
1n2i5ssxEKcdDK0l9yA9d_w0I2rWp9dlP,4215275
1n3qHvT0OEm99nHxddb0CyzSvR5C4RdDR,4093843
1n4jhPm900OGm_NR5FODgrYLc8dph5MkB,4093829
1mtrwNd45mBZyL4vqWP7Xeq2mBD3CtV40,4090642
1muR8dLahbdivp4ycIzphMfpQNENUMSs_,4086811
1muXKyyPFn1Lucmv4rlOJT2hMTefAsv9-,4084040
1mvJG_fHLZ_pK77QeV1UFZuQGFtDevJW4,4082261
1mvQDAVacmekhRh3pQjINERro-zq6BoOT,4079408
1mvd1qLdxmy8lox_kzqzAq9P44vYmXVE1,4077079
1myBP21m_uIWnTpBwLTOo8OyLoKZtGHPv,4058550
1mq_XTLaUjVm_qWtrAR6dk1HNqlQPPa0m,4055765
1mqxOWSfTNmd0j3np0iXEdjR59dz_M5mc,4111802
1mr7A6NZuonZd-4l68gsh2cn3jFBVes5X,4107903
1mryNRxVPWX4x7jKfpaTDN7A_fEcORqUU,4180674
1msUnR1f8XyaDI_9YdlHzvi1QCX91r47j,4179361
1mtedk-0fyACyi2z4SV50pdkRxA016t08,4178033
1mnBp7rx4tWv3nUY8yvB-dkF3NVhvTOdi,4177990
1mo-J-MU6bLBq-sqF0FiASje6o_iM4kLL,4177472
1monnwNTjXG2hYybJ3i0eNwMy_fydqB51,4175237
1mp4rQfBQUPthxdHyzMp8lMW2PZhHP9TP,4173646
1mphC8PuI8fG3MEEw5pkeIIlCvfGKXQza,4171289
1mfJPsaL7L9IYysic_VHieRQpJfWz9bK_,4168536
1mga2DSph4ZNeFOF-WHB2hnhdRHdB21F8,4141806
1mi-7PAMq1rjuHBZ-tTqWsZ55d29mBQTE,4134303
1miDsYyoBh1CQX_8M1U2WfIKBUnvpJRPE,4133675
1mkbWR0Dmx2D_b8iFAD_6B0gIawkclXWm,4123038
1mmYa2gamb9PYBgwbPfPrpryb2T854jju,3371819
1md_VmKhpKun2dAHwXAjFan6SJiyjs9cL,3364676
1me4KPKlm058WQhaanSVExgVCiSnP-HAX,3306673
1meLrNTCdBHw1TZ-VHTSe3hhzYnh-Asoe,2143645
1meRbNKFIVabTfCmvPIMPoBRZrWcxeU18,595382
1mefuN48ax5vxLVsY8IOg_JaHPVTUiDTo,3142988
1m_gmSDMMuFiUvMKEcAl5b79SItchelH6,3122929
1m_wg_Ysq3RaeSAdYnNGRJQsxwTAVjTj9,3122882
1maY5iz9rJtQ1B2QnZkfaGwadNjsNVDVe,1528825
1maxma61PCfzip-FR68LEX7jvL2jwFLsy,1954102
1mbWtc00BJg2LR23vGsEcUIOacOuMLpEv,1811552
1mcINypQwn_JjkeVXPmZ9i9feN2rjTF7n,1783438
1mX3I0gGCrX7cj0qaNfqbc7eLBIT-gLfQ,1134625
1mXQ0Mdj-Uxd3hAslQsnNe4vhRqCcjoZM,2499036
1mYOk5C7IdssdxBbQrkJ13JxKRsng8e_Y,2495575
1mZ5bNfvS8IT-NhPzcgv0FEgY35jlZmH4,2317144
1mZt9zvIATp2A3kncqqui2k8Q7RsxYQTE,2920148
1mUBqrXlLJl0yF3h9eHun6T791NDQRAPJ,2882843
1mURJLQgEYlLo7ygAWVUpFvbadRZXn_mP,537183
1mUahdCgrQ1vyvuMYqPXUWJBhiBO9vmm7,280667
1mUvM3LpaqFugRQFhWU0d9Hwa6xBGHriD,211348
1mWP3Aoyo-VsjrE2Rd-UayK1zc0WSZRHD,4457802
1mR1_zcFUNlWd_xs4LaUeIfNPICzDW9FY,4457593
1mRPAYz2UnCkB_xiOIcvRVOYsQY7v7fKl,4457571
1mSKGdRy79utuvx81p8RQIIQtrL8dCTQo,4457474
1mT6Ome0shbd0MDyLjYZp_Dd4eGLDOq6Y,4457332
1mTJg1a3LrXTN1JP_bMsulUaZcb9uHCSv,4457272
1mNz5eA65eGEIYTiyPO39Ch5ebSt1fd_P,4457260
1mO5Cz-NivMJtp7qFNF4Yer19vLNWn0Kn,4457191
1mOeJsqnIDvuakV4A86DLzPzvJg09RVhI,4457185
1mPaKIKOgFSkC-PwQwHaVPJM5TTLnP67M,4457182
1mQBJYgloRfuaIT9bzKI_NVApcuQPMOWY,4456808
1mQVl3v_jW61ZuF6hnBmpPKAefRecaDy4,4456493
1mLG5ChJp9pYMzSQBIgZHcFpAli18xFzN,4456158
1mM6JmZROpE9QBukqNW98D0jWbduH8gzD,3476752
1mM_96TiZsmiC3OdopZQQ0He3qkrJJBZZ,3715468
1mNYNlKAwrg91rXHOhnOXTf2D5OPECej_,4166833
1mNb-KHAoh1eMxZx_wneUiok2_9rtabPL,4138934
1mIfy-7z_pW12_NM53WgrmuCL4I2AmO1m,2047270
1mJAzC3414Wz4a2Qc5DRWaHP_NX-aIXJC,634212
1mJwEYiLteI3mHCdLjmqXMWfu8ZgLby8K,909803
1mKIIvi1AeKPB-39Bn69rATn7aLb2tx-z,2876439
1mKYFsO4GLG9oE3e4MSKo236CePfLdjI0,2876433
1mKrfyNxOWvX7X0XOYKp2eEs5LFvx_QT8,454518
1mE__xt196HUFEfu3THD9I1ci56HlewdC,550918
1mEb7BUrJqvfOnL-T4KI0dQs-Ixj1jqef,538967
1mFZ7RUv1jphFtQZ_IqWdKDK9wGrjKz0R,4459197
1mHWog0Muh5lqsRSOWcxGP8C4LP0djEXS,4459154
1mINesf66VERCSKYDsKDNgw-TGgC352MQ,3960972
1mAKIUZev6nIVK89mGaBa4-knAU6_Ahu0,4458923
1mAn4JtW7a6akJZm1MtPoeLXPHroaTPDB,4458922
1mC7pamxIZjEcHZY_z0X0aS49slNEKI8X,4458607
1mCUN-3DXYG8Sge-pAHPi-xK_s2LVDVZV,4458408
1mD2PcMee6cuRh9JpZCy_eXIZYnhmZLMo,4458407
1mDThiG-eegR4P2I7EQvaVpMtNzMDmc4D,3702845
1jgo5vOu1bS_QzFhFd8_F8DWzJj4t033r,4461227
1m6j2DBuEzQ2-OWaxGaIzJjcPhxsbcgMp,2911212
1m7AeWEQ0hRDL71rpa3dD0sYQISyR8T8a,2399568
1m8wtXQT5TahKQN1vnIO9n489XqXv4yo_,1788842
1jgkPrwMWsHaIRqyS-FsfJdgXPI1Jl4yR,4461223
1m9PxGNthrIg0Lg08wro0UlZtGUo_z3_Y,735816
1jesV0BYL69dEXnFhisUI7bc2m4BPxe8b,2886935
1mA6aF011Qgk0LABstj_aruOVfcdhiQpT,501242
1jdzmEMqDiZDbBTr1NxCQxzqJKyotW76m,3711634
1jd1uQ9pKDGTNxeL54Ym77V7MV9P64POK,2844436
1m3nBv2HJ9gdKNRfa2X2O0wLGin1yJljo,501240
1m4XT4IcN6Ptt9-1o9VQz14agEvuBRiq5,501225
1jdbp2N178weGnZWxUbjaB3DgCQTy90-B,3579365
1jcs6HiEm5-5RKtkRDYaPPSPJFmFWX51-,524476
1m4hiGEgQe3MbsTFxtoy3GV1L4Gz0bFUF,4458974
1jbbhk7b93U62jJSkiG_T5TRTAF14HSLa,3149363
1m5JSTqn-J9qjvGWWjUv7VzaZQwtUXeFd,4458860
1m67qcN01xeRGXax3UfCq0XW8gCfGDZ6E,4459265
1m6MmgwzbluuhLnulus8X1mY41moK74HQ,4458823
1j_kEu3VbLWD0lS_eWQ5vLBJJ3gihOiGM,2403535
1m-EJgmmbPCpo1YU6_lghQ_VgNLe6jomG,4458671
1m-U-iWQvuA_L-yL_zJYWH8rY8K_y8Qwn,4458667
1m08oBtY9-N_xDzNCMSOhqViFF81zkP4u,4458665
1m0bOdls_Gi1iA0qv3AfIZt_cYx7rkXZy,4458608
1m20tCaTfoyMMEFb7R2xptI8IONIsWPAL,4458582
1lweX_2f2FfArVuB6Kptof3eUJOmAX2W6,4458541
1lx2iJbC-TqfFO9SxVUTJ6nUOac0RxTWt,4458534
1lyK6rIJmMTlOQ2s7wJZWhZijowMFMke8,4458502
1jcQgLqry_lH9UjtnhX1YnWrpIfyxNBaS,4175359
1lycktSAgdtUOnOJJ82CMbgh8_Ccw1zvN,4458499
1lz57kCjZJ0oNuo0aSMsW1vp75eHkpxEz,4458498
1lzbMS2qfdd9shnlORQLhy-n2yWoVwohB,4458497
1luPzwwwt0aoxXY2OfPEx3-HcwDTzebKv,4458461
1lupE-D1vfPjuoBmX-vuMgZFHMOMljC3a,4458459
1lvKDWYzkfowBHO1Avb-qjKCvH2sZk1-c,4458418
1lvgpdYkKHknyAFkRARgeVjP7lCJnQvMx,4458415
1lvu_fUbjUq7zrU53SDlrgkm0A0FX6nWk,4441992
1lqHY-HIM9bHHLzSosEgAPkPf00sQSxtv,3986265
1lqpRKjFHuepIhnuJjegYeiPZVsLkHGpG,4026589
1lravFQCPRr6ocSV_jh8L0AGTOFmuVYYS,4022601
1ls9avcEqzBLG815rhalZBcZ8XXjRBgE7,3835304
1lsdNHKDMoTK5-kNtwNgHAiSiVsjp3jLK,3534072
1lt9qlaY27gxADrL_Fdw1MxIBr7Rmylr3,3438300
1lnsPNXSviu9n6xfxPKa_gAE2g_5HKtkY,3436729
1lofyZid5k35TXc_1P1ELln8zVaZhLD4L,3590758
1lpZuYeU_dIu4zgiyumTl0M8734ulXRdo,3590732
1ljNAOwUQ2ADAVFHpmh336V-KehYDHbDp,3532047
1lmErnbacSI74Gw5tOLmi3yZXABfgalBS,3532004
1lmqgL0o_5O2jYZdh4JaWyAuKfvWmcbRF,3418359
1lnOT-ImrImNmupTJMw59zewcK7ylnGgs,4437390
1lgjMVn-MHi3a_pBRnOZR-2aC3K1RlqTf,4437385
1lhf9GngyBhbcwHJb0iu2Pm9r8lfydguN,4434180
1jaE8wOWV3m2KF0pAC1p8TCdCEDTEYFQr,4445357
1lj0JZ9HdGpGcdAD_zGe7EBj6R92g_8Q8,3668964
1lf4u4Gn_ddXgOAw_eUYyAeRY0Cgbh6ra,3668074
1lfN49Bs7N-LrxgfEdmAT5biFG8qkRfiQ,3635272
1jb5DEBn79q_GOIIeLtGP2cPEteFXeLQ1,4462436
1lfv9VHoudQcE8BHOs873PvMrzuhqqzzs,3613260
1jaw09LpRO0G2BMNsqkEx-27tPaZroBRh,4461248
1lgXHJUAoxColZP3pnKDf5cpC4U8wOh7F,3613247
1ld9LgAtOvPrV7w3g70GBWHOLeWRIK8Bq,3613226
1ldzKf8QGN2p7VayfHkArRb2XS__xnmd7,4146055
1lepKAZBQtIONkYbWb9GTJLtqL_Cqz7fG,4083930
1lagI5Uwjj60yhK36_el7Gg3h30r6pMQj,4188244
1lavq2ivuvZUf_kb3IXhrxXpSrcCQOjwN,3055790
1jaVYm0ctdg5ha41AXwq2IdUeT7A_gcEt,4462433
1lbOU09EikA2keVynxqwIdOkaVqgW1nSs,3311744
1lc_1uCmYqfrE-QC065W7eZymhsev1Ey7,3367304
1l_88aJTKgefqlo7z8RMiMOGyQ2_SjUSc,3362468
1l_cn1i4-_KaiyKgsD71kEAGWWpN3axxX,3300128
1jYnjhMpH5pz_p5Xb_keToLpyu61UtshI,4443573
1l_fmgNH-BGU9OLC-BmMQNyId4ODxxrCI,599792
1jYWS0E5gcp3R39W2tu0kpcpVJWNmB5GQ,4443554
1lYFDLoBVEhUdyeA2B-n-gIS0yxcD9YZb,599790
1lYOCimV1KlvbFDpj8dCiLLAhJY4K4z3u,670523
1lYcFUCi-ryL8APofRc2A8eiZqY6DXlVp,3142994
1lZTNWiXHLIJkvnJFmMcHBksp3jq0KTBi,1528947
1lSvcyc0jN8oTJt8NxwiRwRBnuXu5PAqu,1446274
1lU5TnJ1wot83CSRoFFYakJF8-dAIxZcS,1344061
1lW8kGKhmjKpWjBZnXFEio11mLEcbBo7N,841000
1lQgXqQxTtc156HAxVyCvi-NFf1syd5L1,1685989
1lRGKQCZd8y0WtzKzLYOqrDyEizjWsxR9,1728678
1lRm-q3FjEc5AZow8srDZnx_KfHQgSHLG,1728653
1lSVmZO9HaToUPm0kDmaMEHMrOfyb7hsd,1599059
1lPVLskNxMXco4gdp7dR0kRErp1Ooh9Es,1575307
1lPiG0qPwX5WtBKMZOy2eFUrap8k1YiWG,2781907
1lPuxMpGW0sa7PcSqY70VcSp9-Q_rV5P3,2824435
1lNqonNdKfagKsYsIZ7eFjwBC-JEvLAlf,451363
1lODNc6no8ixrYjpETw5WtgYb3mKof6DO,414968
1lOpDb9G7CrEZEYsDtqN79tw8b1HSITNe,544884
1lP2Z-RUJAP9iXcHw7cAJ6ZpAfUYvzaG6,4124259
1lKsFU2JO9aUW20hbbInnuRVxVQnR8tsO,1387420
1lL37xT0B1ue26oqiixCKPojRQwxThasq,4453432
1lLHtkxTx8zqsLzk0bdFtwQAoZsKXfK5N,3872413
1lJ-Z8cDGlhL9oPgpo_Hl9H7ivrhJ7V10,3868731
1lJ5jVQ2einP_Fv_MDc_Ja7mNe-lqYTuH,3868728
1jZQJ0RFbEUDkfYnnkfmBcUC_CJYIy4_x,4444325
1lJsq9IBV6AiCKqrRoxF_91v-dhn5-Rzd,3944455
1lKZeyd_XgpirXrVIbF4wjeBD0EUSwVNU,4009653
1lGIYN0h2V9nNS0yg5uEGBtDFDfoSlEjg,4003675
1lIQ3Ouxz_QRnL2rt70ZBg1JiaaGYc8eD,3876061
1lISMqu8fukkXxwMDnpB5rCeycCEHe_M9,3986875
1lEtOQacWrfcGCbqcb8sF_kRVSQm1VBsY,3986020
1lF4kjm-pjEITBZl_rLXVlqe3HJluJOTn,3971462
1lFs4M1acRMOB7j193hQJ0cAPygLCiCij,3970825
1lG34pOCI2aTuwn2U8c4afTBn2lwUHp_s,3969339
1lD9LEAX5AX2iPOX1Ty9vcPcAMxGNDLA1,3968416
1lDx_3RsvR5AG4VxMSGt6d_QU5lkEUInv,3968074
1lESto81Z2pwCTrYDpCrpjxTLlRQGITJe,4032340
1lBiQRX-F7kHtG13ySV2zM9QzoppNpWa9,4022641
1lCmKvR_31LODDWmnapO29UKPjlFy6oWn,4018658
1lAQEEbO13iXsXX-R6sNDPZ4UlLBXmbq8,4012657
1lBAOSFPbdp-o5oAG_cQWpi43qCyUoQQj,3915085
1l9_DK23EBw3Qk5tQVihhjbmQJQ0gf_Lg,3850075
1l9r9nxRXleh0gH_qDWObORJxQ37sM62i,3837490
1l8RRgJcZM4VKi_XxtwY1FbkC5sMQKNeH,3541001
1l900kUqCx4A9wB2tf4kyl7vxxzLwNFUw,3427781
1l6xs3-9f_SkHPa9IsSELEcXkLirU443Q,3596107
1l7WLpdv-E5GXDPeYiGIJhzUBSz7pntDn,3450181
1l5cR5md23aLdIfoouAxr1rOyvcHr99w-,3498956
1l6O0qa0p54CLu-RxIYFndUB4QQ87ylye,3069286
1l4jHfp_L4oDDVLE3L_0fIqHufH0qegnt,3763127
1l4kpeb1NJ85t7Cb5l4QaS-neS0QFO9yw,3755892
1l3aeLx55qd9kjuDoAOdPPDl0LFJozfys,3743731
1l3tKh1QslrnnK0eTvMtr5qfsT2DBsQPO,3743515
1l-zZel6PAsWeYYltzn1aGFJwzSIiO6aG,3743511
1l1q8OZgFacRrG2ygy3GTm22-v2Z4CzN4,3741615
1l-Ma5v4zeovCtYkTSKlB5iBji4lmNSsO,3741614
1l-c_IiECGzCZ1_l8k4_P7juxGu7oIXPZ,3741612
1kzrlLo3F7kcoZa1Xifoozq5kjx-z3_Vn,3741602
1kzwe2KoxLzwfhKhUj9iysHwrXk9pxoy2,3741046
1kye7ogilJOpEDV3iFyrDXfXcGQUIzG3v,3801679
1kylcpHYlu1i5xPGl6M_GbHfhk-q84Sqq,3801520
1kxkCBHma-AjBQ-cNV8vRZsCjbEwJohPe,3801035
1kxtxNueHdoiGLIM9GWUy2TwvhmcgZdbY,3801031
1kwBYzYGP5Nrc6mpU5jkM0b2e6Z47DI1l,3800986
1kwTMii3wE-4NrbyoBBgD3IxikA2bq4tS,3800924
1kvbpcClk9bQ4nq20LmgaNnMRwot6VhGj,3800850
1kvuplzV3h4sgWXjbAAp5upkbMtuB9M_U,3800808
1kuR6jrU9y9_xS6lLovRrblzIqqtRvfHX,3791697
1kuglhLNV7BAx6v7T8r9axC8HdVcy09yM,3785460
1ktfjZLYNG5RSEAtF-J3jluOPkcHp7vMB,3704392
1kuD557Us6H8tmT9q7f0kGOkRIkYN-VlY,3696087
1krOV293WsDnRHP8TgUPlssshCNBCzWw-,3694739
1krbFSj2ViFhirH1eZWi-C-AmaCz763oG,4054350
1kr44jrvdU9DngDCOReFzMTE463fST7PE,4054330
1kqyVzXN3imAP4k_A2XugIIdEkqdi_aiA,4054328
1kpfpsvfzJgpy_Zhad8WYFodWDnqh5mOh,4049602
1koxy2HAs467LmAqQK0PDbiX0zVFrpuig,4046795
1knwg5MLSxPlms3ZiAmKonJqxQ9GMtbq4,4040314
1knmduOBu3v9-wop1wJWaW2QrktynXKr9,4038348
1knFpTThIDnlDizXGpGeCpuOAY-4ubyhk,4034366
1km4UUkQxpCQsVK6lGEpLjw0sy7CXYIol,4033896
1klEKaevXDWgh9enRuCRrVO9KoZ4LlTl4,4033893
1kkylxJ4wudSkCGXlJ4y54TVovk1BN2wV,4033735
1kkj3uX0ZG9eJNu_OuX9SKx6dKVK461WK,4032739
1kkcoRFAEjrfzzUPd6_0PVjGM__xK0Te_,4151492
1kkKJIQXLxlNgqkdrCztdjg6T6PiXPW0S,4148330
1kjR1-C6fadtbEBumedthfo656qPz4e76,4145389
1kk8-z13gBOqks1iAD8Jw4CJlouO0k6Z8,4099321
1kgwTeWkvK61r0FJLI_Di2Z7PUnQJ3uiy,4096170
1khAdzJvQacFyEZQ_m1DfS2wXVrBJG7jP,4096165
1kgQfMYYFIc8X0-5XR18PZy5cWzdIW-Nm,4093867
1kf6sbKpC1qEUKNdFWFPjzr_GB2ouYuii,4091004
1kfelEyIGcb_P3mBpLl5EZL2bb0cTdDPq,4090405
1keT3F_dqX7myyH-AZFgJXd4U7pwPHKXn,4088845
1keT2sJ2vYWL_4nKUX3PNOb-90LjkIfMx,4088814
1ke94YMNQuQqwe7B_udFolr_lLmuF0dGL,4083147
1kdCUfyCVERglRh09TfioRObqkhhwZK3g,4077472
1kcLLWRLZbvIhuMYvfWLtLiHC3HUycRLc,4077470
1kbyTBiYmEd2-7nSpreQIPakYkYIzYckK,4075018
1kbS_CwMrnjLcFMXPT4UVc5bqMBpzzZau,4073175
1kbIDJvSKZ6fox5NuTpooH6irTOJGQQWp,4073174
1kaenTY9vhYK0JFnfgYb7ycuAYFJB4v--,4071579
1k_otRPkiSPEBPfPEKxpPkFgj-uR7laCs,4070509
1kZny83xmR6y0FNO8WMb4SzQC1JwmAbG2,4067569
1kZAommcKQhdPI3HXogIs6zlUk0Pa-7tw,4067387
1kYoPf7JpnnCslalxOU0hT6xXHC-bi46Y,4064745
1kY31TEb-jFhbQp0RIADueXa45-Emgsuw,4061743
1kXJ7VNhaLLSL_59sM3hIZHvqjlzvDsY0,4058684
1kWbk42zVF9_jGQGcfHJbra02iz6Z58Mm,4058359
1kVN5oqw9Yy-rDNGfmlorZpylyZqlbFKO,4058358
1kUb5hzbF4vQ3w0-iX9Ulyy_hQN0Yr5vo,4121619
1kTIdb8KvoC0UkXv5aTMkd_G0oWSWXMj5,4118935
1kT1mygdphIdf5r_pFbveurIBoClDHujR,4118709
1kSrw4q8RmcPK_nyUh4d2eEreYAsAeon1,4115591
1kSTKjPBktYP74wbB2GgIk0E3JD1Ga6Z9,4115556
1kQp5qw579hl1-Nr3STQEb8MuQQ-EKMfM,4115554
1kQetxW8qtc3my63GoWm-zYrVXebHdD_N,4112866
1kQFGv_3CPfhyPn2_1ewm6UN4XpSTuwNn,4112824
